Table_Number,Year,Measure,Age,Indigenous_Status,Remoteness,Equity_Group,Year_Dollars,Description1,Description2,Description3,Description4,Description5,Uncertainty,Data_Source,Unit,NSW,Vic,Qld,WA,SA,Tas,ACT,NT,Aust
GA.1,2022-23,Recurrent expenditure,All ages,All people,All areas,,2022-23 dollars,Australian Government real expenditure,NHHA funding,,,,,Derived from Australian Treasury Final Budget Outcome; ABS Australian National Accounts: National Income Expenditure and Product,$m,498.6,419.4,342.4,182.3,116.3,36.7,29.2,21.0,1646.1
GA.1,2022-23,Recurrent expenditure,All ages,All people,Remote,,2022-23 dollars,Australian Government real expenditure,National Partnership payments,Remote housing,,,,Derived from Australian Treasury Final Budget Outcome; ABS Australian National Accounts: National Income Expenditure and Product,$m,0.0,0,0.0,0.0,0.0,0,0,138.2,138.2
GA.1,2022-23,Recurrent expenditure,All ages,All people,All areas,,2022-23 dollars,Australian Government real expenditure,National Partnership payments,Social Housing Accelerator Payment,,,,Derived from Australian Treasury Final Budget Outcome; ABS Australian National Accounts: National Income Expenditure and Product,$m,610.1,496.5,398.3,209.2,135.8,50.0,50.0,50.0,2000.0
GA.1,2022-23,Recurrent expenditure,All ages,All people,All areas,,2022-23 dollars,Australian Government real expenditure,National Partnership payments,Social impact investment,,,,Derived from Australian Treasury Final Budget Outcome; ABS Australian National Accounts: National Income Expenditure and Product,$m,0.3,0,0.0,0.0,0.0,0,0,0,0.3
GA.1,2022-23,Recurrent expenditure,All ages,All people,All areas,,2022-23 dollars,Australian Government real expenditure,Total NHHA related expenditure,Total,,,,Derived from Australian Treasury Final Budget Outcome; ABS Australian National Accounts: National Income Expenditure and Product,$m,1109.0,915.9,740.7,391.5,252.1,86.7,79.2,209.2,3784.6
GA.1,2021-22,Recurrent expenditure,All ages,All people,All areas,,2022-23 dollars,Australian Government real expenditure,NHHA funding,,,,,Derived from Australian Treasury Final Budget Outcome; ABS Australian National Accounts: National Income Expenditure and Product,$m,509.1,426.8,348.5,185.4,119.0,38.0,29.8,21.6,1678.3
GA.1,2021-22,Recurrent expenditure,All ages,All people,Remote,,2022-23 dollars,Australian Government real expenditure,National Partnership payments,Remote housing,,,,Derived from Australian Treasury Final Budget Outcome; ABS Australian National Accounts: National Income Expenditure and Product,$m,0.0,0,0.0,0.0,0.0,0,0,88.4,88.4
GA.1,2021-22,Recurrent expenditure,All ages,All people,All areas,,2022-23 dollars,Australian Government real expenditure,National Partnership payments,Social impact investment,,,,Derived from Australian Treasury Final Budget Outcome; ABS Australian National Accounts: National Income Expenditure and Product,$m,0.0,0,0.0,0.0,0.7,0,0,0,0.7
GA.1,2021-22,Recurrent expenditure,All ages,All people,All areas,,2022-23 dollars,Australian Government real expenditure,Total NHHA related expenditure,Total,,,,Derived from Australian Treasury Final Budget Outcome; ABS Australian National Accounts: National Income Expenditure and Product,$m,509.1,426.8,348.5,185.4,119.7,38.0,29.8,110.0,1767.4
GA.1,2020-21,Recurrent expenditure,All ages,All people,All areas,,2022-23 dollars,Australian Government real expenditure,NHHA funding,,,,,Derived from Australian Treasury Final Budget Outcome; ABS Australian National Accounts: National Income Expenditure and Product,$m,521.7,438.6,349.4,182.4,118.6,36.8,29.0,21.7,1698.1
GA.1,2020-21,Recurrent expenditure,All ages,All people,Remote,,2022-23 dollars,Australian Government real expenditure,National Partnership payments,Remote housing,,,,Derived from Australian Treasury Final Budget Outcome; ABS Australian National Accounts: National Income Expenditure and Product,$m,0.0,0,106.5,0.0,0.0,0,0,25.0,131.5
GA.1,2020-21,Recurrent expenditure,All ages,All people,All areas,,2022-23 dollars,Australian Government real expenditure,National Partnership payments,Social impact investment,,,,Derived from Australian Treasury Final Budget Outcome; ABS Australian National Accounts: National Income Expenditure and Product,$m,0.0,0,0.0,0.0,0.5,0,0,0,0.5
GA.1,2020-21,Recurrent expenditure,All ages,All people,All areas,,2022-23 dollars,Australian Government real expenditure,Total NHHA related expenditure,Total,,,,Derived from Australian Treasury Final Budget Outcome; ABS Australian National Accounts: National Income Expenditure and Product,$m,521.7,438.6,455.9,182.4,119.2,36.8,29.0,46.8,1830.1
GA.1,2019-20,Recurrent expenditure,All ages,All people,All areas,,2022-23 dollars,Australian Government real expenditure,NHHA funding,,,,,Derived from Australian Treasury Final Budget Outcome; ABS Australian National Accounts: National Income Expenditure and Product,$m,520.2,436.7,345.4,179.8,117.8,36.4,28.6,21.4,1686.3
GA.1,2019-20,Recurrent expenditure,All ages,All people,Remote,,2022-23 dollars,Australian Government real expenditure,National Partnership payments,Remote housing,,,,Derived from Australian Treasury Final Budget Outcome; ABS Australian National Accounts: National Income Expenditure and Product,$m,0.0,0,0.0,0.0,0.0,0,0,89.2,89.2
GA.1,2019-20,Recurrent expenditure,All ages,All people,All areas,,2022-23 dollars,Australian Government real expenditure,Total NHHA related expenditure,Total,,,,Derived from Australian Treasury Final Budget Outcome; ABS Australian National Accounts: National Income Expenditure and Product,$m,520.2,436.7,345.4,179.8,117.8,36.4,28.6,110.7,1775.5
GA.1,2018-19,Recurrent expenditure,All ages,All people,All areas,,2022-23 dollars,Australian Government real expenditure,NHHA funding,,,,,Derived from Australian Treasury Final Budget Outcome; ABS Australian National Accounts: National Income Expenditure and Product,$m,523.6,434.3,345.4,179.7,118.1,36.5,28.6,21.6,1687.7
GA.1,2018-19,Recurrent expenditure,All ages,All people,Remote,,2022-23 dollars,Australian Government real expenditure,National Partnership payments,Remote housing,,,,Derived from Australian Treasury Final Budget Outcome; ABS Australian National Accounts: National Income Expenditure and Product,$m,0.0,0,0.0,133.0,41.2,0,0,38.5,212.6
GA.1,2018-19,Recurrent expenditure,All ages,All people,All areas,,2022-23 dollars,Australian Government real expenditure,Total NHHA related expenditure,Total,,,,Derived from Australian Treasury Final Budget Outcome; ABS Australian National Accounts: National Income Expenditure and Product,$m,523.6,434.3,345.4,312.6,159.3,36.5,28.6,60.1,1900.3
GA.2,2019-20,Low income rental households,All ages,All people,All areas,,,Lower income renter households,All areas,Paying more than 30% of income on housing costs,Proportion,,,ABS (unpublished) Survey of Income and Housing Australia,%,46.7,42.0,44.9,35.6,29.9,30.8,27.7,32.9,42.0
GA.2,2019-20,Low income rental households,All ages,All people,All areas,,,Lower income renter households,All areas,Paying more than 30% of income on housing costs,Proportion,,95%CI,ABS (unpublished) Survey of Income and Housing Australia,% (±),5.6,8.3,7.8,9.4,7.0,7.4,13.5,9.6,3.1
GA.2,2019-20,Low income rental households,All ages,All people,All areas,,,Lower income renter households,All areas,Paying more than 30% of income on housing costs,Number,,,ABS (unpublished) Survey of Income and Housing Australia,no.,215950.0,130305,163975.0,52286.0,34921.0,13997,4704,3467,618846.0
GA.2,2019-20,Low income rental households,All ages,All people,All areas,,,Lower income renter households,All areas,,Total,,,ABS (unpublished) Survey of Income and Housing Australia,no.,462833.0,310025,364815.0,146751.0,116976.0,45394,16960,10554,1473599.0
GA.2,2019-20,Low income rental households,All ages,All people,Greater Capital city,,,Lower income renter households,Greater Capital City Statistical Area,Paying more than 30% of income on housing costs,Proportion,,,ABS (unpublished) Survey of Income and Housing Australia,%,53.5,48.1,45.3,36.7,34.9,46.8,27.7,42.3,45.1
GA.2,2019-20,Low income rental households,All ages,All people,Greater Capital city,,,Lower income renter households,Greater Capital City Statistical Area,Paying more than 30% of income on housing costs,Proportion,,95%CI,ABS (unpublished) Survey of Income and Housing Australia,% (±),6.9,10.0,10.1,12.3,8.9,12.4,13.5,10.4,3.4
GA.2,2019-20,Low income rental households,All ages,All people,Greater Capital city,,,Lower income renter households,Greater Capital City Statistical Area,Paying more than 30% of income on housing costs,Number,,,ABS (unpublished) Survey of Income and Housing Australia,no.,138593.0,109128,82365.0,42289.0,31615.0,6755,4704,3125,414594.0
GA.2,2019-20,Low income rental households,All ages,All people,Greater Capital city,,,Lower income renter households,Greater Capital City Statistical Area,,Total,,,ABS (unpublished) Survey of Income and Housing Australia,no.,258813.0,226996,181859.0,115281.0,90580.0,14446,16960,7384,918311.0
GA.2,2019-20,Low income rental households,All ages,All people,Rest of state or territory,,,Lower income renter households,Rest of state or territory,Paying more than 30% of income on housing costs,Proportion,,,ABS (unpublished) Survey of Income and Housing Australia,%,35.5,31.4,45.0,26.2,16.1,24.6,..,20.8,36.0
GA.2,2019-20,Low income rental households,All ages,All people,Rest of state or territory,,,Lower income renter households,Rest of state or territory,Paying more than 30% of income on housing costs,Proportion,,95%CI,ABS (unpublished) Survey of Income and Housing Australia,% (±),9.3,10.6,11.0,7.0,6.1,8.9,..,np,5.4
GA.2,2019-20,Low income rental households,All ages,All people,Rest of state or territory,,,Lower income renter households,Rest of state or territory,Paying more than 30% of income on housing costs,Number,,,ABS (unpublished) Survey of Income and Housing Australia,no.,71738.0,24964,83598.0,8025.0,4177.0,7635,..,595,201218.0
GA.2,2019-20,Low income rental households,All ages,All people,Rest of state or territory,,,Lower income renter households,Rest of state or territory,,Total,,,ABS (unpublished) Survey of Income and Housing Australia,no.,202097.0,79444,185801.0,30626.0,25920.0,30999,..,2855,558396.0
GA.2,2017-18,Low income rental households,All ages,All people,All areas,,,Lower income renter households,All areas,Paying more than 30% of income on housing costs,Proportion,,,ABS (unpublished) Survey of Income and Housing Australia,%,48.3,43.9,40.0,46.6,32.4,24.2,42.7,41.4,43.1
GA.2,2017-18,Low income rental households,All ages,All people,All areas,,,Lower income renter households,All areas,Paying more than 30% of income on housing costs,Proportion,,95%CI,ABS (unpublished) Survey of Income and Housing Australia,% (±),5.4,5.4,6.0,6.3,5.9,5.4,8.5,13.9,2.4
GA.2,2017-18,Low income rental households,All ages,All people,All areas,,,Lower income renter households,All areas,Paying more than 30% of income on housing costs,Number,,,ABS (unpublished) Survey of Income and Housing Australia,no.,231765.0,145770,142630.0,58352.0,39556.0,8899,9414,2678,639737.0
GA.2,2017-18,Low income rental households,All ages,All people,All areas,,,Lower income renter households,All areas,,Total,,,ABS (unpublished) Survey of Income and Housing Australia,no.,479676.0,332391,356840.0,125343.0,122116.0,36788,22069,6476,1484257.0
GA.2,2017-18,Low income rental households,All ages,All people,Greater Capital city,,,Lower income renter households,Greater Capital City Statistical Area,Paying more than 30% of income on housing costs,Proportion,,,ABS (unpublished) Survey of Income and Housing Australia,%,57.7,45.8,39.9,49.7,38.0,24.7,42.7,42.3,47.8
GA.2,2017-18,Low income rental households,All ages,All people,Greater Capital city,,,Lower income renter households,Greater Capital City Statistical Area,Paying more than 30% of income on housing costs,Proportion,,95%CI,ABS (unpublished) Survey of Income and Housing Australia,% (±),5.5,6.1,8.0,7.6,7.3,10.2,8.5,14.4,3.7
GA.2,2017-18,Low income rental households,All ages,All people,Greater Capital city,,,Lower income renter households,Greater Capital City Statistical Area,Paying more than 30% of income on housing costs,Number,,,ABS (unpublished) Survey of Income and Housing Australia,no.,169691.0,112532,62044.0,48333.0,33458.0,3818,9414,1955,439602.0
GA.2,2017-18,Low income rental households,All ages,All people,Greater Capital city,,,Lower income renter households,Greater Capital City Statistical Area,,Total,,,ABS (unpublished) Survey of Income and Housing Australia,no.,294056.0,245839,155525.0,97172.0,88145.0,15459,22069,4627,919374.0
GA.2,2017-18,Low income rental households,All ages,All people,Rest of state or territory,,,Lower income renter households,Rest of state or territory,Paying more than 30% of income on housing costs,Proportion,,,ABS (unpublished) Survey of Income and Housing Australia,%,37.3,32.1,41.9,36.9,20.4,22.7,..,16.1,35.6
GA.2,2017-18,Low income rental households,All ages,All people,Rest of state or territory,,,Lower income renter households,Rest of state or territory,Paying more than 30% of income on housing costs,Proportion,,95%CI,ABS (unpublished) Survey of Income and Housing Australia,% (±),8.7,9.4,8.9,6.9,6.3,6.1,..,np,4.8
GA.2,2017-18,Low income rental households,All ages,All people,Rest of state or territory,,,Lower income renter households,Rest of state or territory,Paying more than 30% of income on housing costs,Number,,,ABS (unpublished) Survey of Income and Housing Australia,no.,72287.0,29990,81471.0,9583.0,6896.0,4911,..,390,200762.0
GA.2,2017-18,Low income rental households,All ages,All people,Rest of state or territory,,,Lower income renter households,Rest of state or territory,,Total,,,ABS (unpublished) Survey of Income and Housing Australia,no.,193923.0,93390,194650.0,25960.0,33814.0,21656,..,2424,564258.0
GA.2,2015-16,Low income rental households,All ages,All people,All areas,,,Lower income renter households,All areas,Paying more than 30% of income on housing costs,Proportion,,,ABS (unpublished) Survey of Income and Housing Australia,%,51.8,47.0,35.8,49.0,36.9,23.4,35.6,40.6,44.3
GA.2,2015-16,Low income rental households,All ages,All people,All areas,,,Lower income renter households,All areas,Paying more than 30% of income on housing costs,Proportion,,95%CI,ABS (unpublished) Survey of Income and Housing Australia,% (±),6.4,5.9,4.9,6.7,4.9,4.3,13.1,15.4,2.7
GA.2,2015-16,Low income rental households,All ages,All people,All areas,,,Lower income renter households,All areas,Paying more than 30% of income on housing costs,Number,,,ABS (unpublished) Survey of Income and Housing Australia,no.,227436.0,151840,111164.0,62577.0,50834.0,9109,6513,2950,622182.0
GA.2,2015-16,Low income rental households,All ages,All people,All areas,,,Lower income renter households,All areas,,Total,,,ABS (unpublished) Survey of Income and Housing Australia,no.,438858.0,323197,310922.0,127779.0,137918.0,38849,18298,7261,1405804.0
GA.2,2015-16,Low income rental households,All ages,All people,Greater Capital city,,,Lower income renter households,Greater Capital City Statistical Area,Paying more than 30% of income on housing costs,Proportion,,,ABS (unpublished) Survey of Income and Housing Australia,%,57.8,53.2,35.7,50.7,40.5,26.6,35.6,31.3,48.7
GA.2,2015-16,Low income rental households,All ages,All people,Greater Capital city,,,Lower income renter households,Greater Capital City Statistical Area,Paying more than 30% of income on housing costs,Proportion,,95%CI,ABS (unpublished) Survey of Income and Housing Australia,% (±),8.6,6.9,7.2,7.1,6.1,9.5,13.1,16.0,3.4
GA.2,2015-16,Low income rental households,All ages,All people,Greater Capital city,,,Lower income renter households,Greater Capital City Statistical Area,Paying more than 30% of income on housing costs,Number,,,ABS (unpublished) Survey of Income and Housing Australia,no.,141275.0,120277,49412.0,52096.0,44173.0,4217,6513,1702,419576.0
GA.2,2015-16,Low income rental households,All ages,All people,Greater Capital city,,,Lower income renter households,Greater Capital City Statistical Area,,Total,,,ABS (unpublished) Survey of Income and Housing Australia,no.,244384.0,226086,138520.0,102799.0,108962.0,15866,18298,5431,862286.0
GA.2,2015-16,Low income rental households,All ages,All people,Rest of state or territory,,,Lower income renter households,Rest of state or territory,Paying more than 30% of income on housing costs,Proportion,,,ABS (unpublished) Survey of Income and Housing Australia,%,42.0,29.8,36.4,37.5,22.9,22.1,..,30.8,36.8
GA.2,2015-16,Low income rental households,All ages,All people,Rest of state or territory,,,Lower income renter households,Rest of state or territory,Paying more than 30% of income on housing costs,Proportion,,95%CI,ABS (unpublished) Survey of Income and Housing Australia,% (±),6.8,8.8,7.1,8.2,7.4,4.2,..,np,2.7
GA.2,2015-16,Low income rental households,All ages,All people,Rest of state or territory,,,Lower income renter households,Rest of state or territory,Paying more than 30% of income on housing costs,Number,,,ABS (unpublished) Survey of Income and Housing Australia,no.,84062.0,28599,62151.0,10101.0,6732.0,5076,..,647,201316.0
GA.2,2015-16,Low income rental households,All ages,All people,Rest of state or territory,,,Lower income renter households,Rest of state or territory,,Total,,,ABS (unpublished) Survey of Income and Housing Australia,no.,200022.0,95905,170853.0,26923.0,29459.0,22984,..,2100,546770.0
GA.2,2013-14,Low income rental households,All ages,All people,All areas,,,Lower income renter households,All areas,Paying more than 30% of income on housing costs,Proportion,,,ABS (unpublished) Survey of Income and Housing Australia,%,48.2,40.0,46.9,45.5,31.8,28.8,36.5,42.8,43.7
GA.2,2013-14,Low income rental households,All ages,All people,All areas,,,Lower income renter households,All areas,Paying more than 30% of income on housing costs,Proportion,,95%CI,ABS (unpublished) Survey of Income and Housing Australia,% (±),4.1,5.9,4.2,9.5,5.9,3.9,9.0,16.5,2.6
GA.2,2013-14,Low income rental households,All ages,All people,All areas,,,Lower income renter households,All areas,Paying more than 30% of income on housing costs,Number,,,ABS (unpublished) Survey of Income and Housing Australia,no.,200356.0,118374,148219.0,51293.0,36106.0,10448,5876,3296,573967.0
GA.2,2013-14,Low income rental households,All ages,All people,All areas,,,Lower income renter households,All areas,,Total,,,ABS (unpublished) Survey of Income and Housing Australia,no.,415969.0,296285,316316.0,112613.0,113573.0,36328,16104,7703,1314889.0
GA.2,2013-14,Low income rental households,All ages,All people,Greater Capital city,,,Lower income renter households,Greater Capital City Statistical Area,Paying more than 30% of income on housing costs,Proportion,,,ABS (unpublished) Survey of Income and Housing Australia,%,59.1,47.5,49.9,50.8,34.4,38.2,36.5,43.7,49.8
GA.2,2013-14,Low income rental households,All ages,All people,Greater Capital city,,,Lower income renter households,Greater Capital City Statistical Area,Paying more than 30% of income on housing costs,Proportion,,95%CI,ABS (unpublished) Survey of Income and Housing Australia,% (±),6.7,6.9,8.9,11.6,7.1,9.4,9.0,17.2,4.1
GA.2,2013-14,Low income rental households,All ages,All people,Greater Capital city,,,Lower income renter households,Greater Capital City Statistical Area,Paying more than 30% of income on housing costs,Number,,,ABS (unpublished) Survey of Income and Housing Australia,no.,138655.0,93469,68373.0,43110.0,30241.0,5658,5876,2929,388310.0
GA.2,2013-14,Low income rental households,All ages,All people,Greater Capital city,,,Lower income renter households,Greater Capital City Statistical Area,,Total,,,ABS (unpublished) Survey of Income and Housing Australia,no.,234693.0,196981,137099.0,84903.0,87870.0,14821,16104,6697,779167.0
GA.2,2013-14,Low income rental households,All ages,All people,Rest of state or territory,,,Lower income renter households,Rest of state or territory,Paying more than 30% of income on housing costs,Proportion,,,ABS (unpublished) Survey of Income and Housing Australia,%,34.0,25.1,44.6,29.5,22.8,22.3,..,36.5,34.7
GA.2,2013-14,Low income rental households,All ages,All people,Rest of state or territory,,,Lower income renter households,Rest of state or territory,Paying more than 30% of income on housing costs,Proportion,,95%CI,ABS (unpublished) Survey of Income and Housing Australia,% (±),6.1,7.8,4.5,8.5,7.8,5.3,..,np,3.1
GA.2,2013-14,Low income rental households,All ages,All people,Rest of state or territory,,,Lower income renter households,Rest of state or territory,Paying more than 30% of income on housing costs,Number,,,ABS (unpublished) Survey of Income and Housing Australia,no.,61701.0,24905,79846.0,8183.0,5865.0,4789,..,367,185656.0
GA.2,2013-14,Low income rental households,All ages,All people,Rest of state or territory,,,Lower income renter households,Rest of state or territory,,Total,,,ABS (unpublished) Survey of Income and Housing Australia,no.,181276.0,99303,179217.0,27710.0,25703.0,21507,..,1006,535722.0
GA.2,2011-12,Low income rental households,All ages,All people,All areas,,,Lower income renter households,All areas,Paying more than 30% of income on housing costs,Proportion,,,ABS (unpublished) Survey of Income and Housing Australia,%,39.7,41.8,43.9,38.1,30.5,30.4,30.7,30.0,39.7
GA.2,2011-12,Low income rental households,All ages,All people,All areas,,,Lower income renter households,All areas,Paying more than 30% of income on housing costs,Proportion,,95%CI,ABS (unpublished) Survey of Income and Housing Australia,% (±),4.7,5.1,4.7,7.2,5.7,5.2,10.2,12.6,2.5
GA.2,2011-12,Low income rental households,All ages,All people,All areas,,,Lower income renter households,All areas,Paying more than 30% of income on housing costs,Number,,,ABS (unpublished) Survey of Income and Housing Australia,no.,179074.0,122855,122218.0,43373.0,32896.0,11941,5033,3061,520451.0
GA.2,2011-12,Low income rental households,All ages,All people,All areas,,,Lower income renter households,All areas,,Total,,,ABS (unpublished) Survey of Income and Housing Australia,no.,451240.0,294080,278224.0,113774.0,107927.0,39310,16411,10192,1311158.0
GA.2,2011-12,Low income rental households,All ages,All people,Greater Capital city,,,Lower income renter households,Greater Capital City Statistical Area,Paying more than 30% of income on housing costs,Proportion,,,ABS (unpublished) Survey of Income and Housing Australia,%,44.8,52.0,47.3,40.4,34.7,40.2,30.7,31.6,44.9
GA.2,2011-12,Low income rental households,All ages,All people,Greater Capital city,,,Lower income renter households,Greater Capital City Statistical Area,Paying more than 30% of income on housing costs,Proportion,,95%CI,ABS (unpublished) Survey of Income and Housing Australia,% (±),6.1,7.0,6.2,10.7,7.3,11.1,10.2,13.1,3.7
GA.2,2011-12,Low income rental households,All ages,All people,Greater Capital city,,,Lower income renter households,Greater Capital City Statistical Area,Paying more than 30% of income on housing costs,Number,,,ABS (unpublished) Survey of Income and Housing Australia,no.,120724.0,97622,56145.0,34332.0,27345.0,7022,5033,2876,351099.0
GA.2,2011-12,Low income rental households,All ages,All people,Greater Capital city,,,Lower income renter households,Greater Capital City Statistical Area,,Total,,,ABS (unpublished) Survey of Income and Housing Australia,no.,269433.0,187667,118735.0,84877.0,78834.0,17450,16411,9109,782516.0
GA.2,2011-12,Low income rental households,All ages,All people,Rest of state or territory,,,Lower income renter households,Rest of state or territory,Paying more than 30% of income on housing costs,Proportion,,,ABS (unpublished) Survey of Income and Housing Australia,%,32.1,23.7,41.4,31.3,19.1,22.5,..,17.1,32.0
GA.2,2011-12,Low income rental households,All ages,All people,Rest of state or territory,,,Lower income renter households,Rest of state or territory,Paying more than 30% of income on housing costs,Proportion,,95%CI,ABS (unpublished) Survey of Income and Housing Australia,% (±),7.0,5.6,8.0,7.2,5.0,5.1,..,np,4.1
GA.2,2011-12,Low income rental households,All ages,All people,Rest of state or territory,,,Lower income renter households,Rest of state or territory,Paying more than 30% of income on housing costs,Number,,,ABS (unpublished) Survey of Income and Housing Australia,no.,58351.0,25233,66073.0,9041.0,5551.0,4919,..,185,169352.0
GA.2,2011-12,Low income rental households,All ages,All people,Rest of state or territory,,,Lower income renter households,Rest of state or territory,,Total,,,ABS (unpublished) Survey of Income and Housing Australia,no.,181808.0,106413,159489.0,28897.0,29093.0,21860,..,1083,528642.0
GA.3,2019-20,Low income rental households,All ages,All people,All areas,,,Lower income private renter households,,,Paying more than 30% of income on housing costs,Proportion,,ABS (unpublished) Survey of Income and Housing Australia,%,58.0,50.2,52.9,45.1,40.6,36.8,61.3,56.6,52.5
GA.3,2019-20,Low income rental households,All ages,All people,All areas,,,Lower income private renter households,,,Paying more than 30% of income on housing costs,Proportion,95%CI,ABS (unpublished) Survey of Income and Housing Australia,% (±),6.9,9.2,8.2,12.7,9.8,8.0,19.5,8.9,3.1
GA.3,2019-20,Low income rental households,All ages,All people,All areas,,,Lower income private renter households,,,Paying more than 30% of income on housing costs,Number,,ABS (unpublished) Survey of Income and Housing Australia,no.,193776.0,122945,148837.0,45388.0,28627.0,11236,4578,3284,565584.0
GA.3,2019-20,Low income rental households,All ages,All people,All areas,,,Lower income private renter households,,,,Total,,ABS (unpublished) Survey of Income and Housing Australia,no.,334220.0,245150,281232.0,100678.0,70545.0,30522,7472,5807,1077033.0
GA.3,2017-18,Low income rental households,All ages,All people,All areas,,,Lower income private renter households,,,Paying more than 30% of income on housing costs,Proportion,,ABS (unpublished) Survey of Income and Housing Australia,%,57.8,49.6,44.9,51.6,37.5,27.7,72.8,62.0,50.2
GA.3,2017-18,Low income rental households,All ages,All people,All areas,,,Lower income private renter households,,,Paying more than 30% of income on housing costs,Proportion,95%CI,ABS (unpublished) Survey of Income and Housing Australia,% (±),5.1,6.5,7.0,4.3,8.0,6.6,16.4,14.0,3.1
GA.3,2017-18,Low income rental households,All ages,All people,All areas,,,Lower income private renter households,,,Paying more than 30% of income on housing costs,Number,,ABS (unpublished) Survey of Income and Housing Australia,no.,193439.0,135659,121291.0,51148.0,28479.0,7090,8038,2101,546777.0
GA.3,2017-18,Low income rental households,All ages,All people,All areas,,,Lower income private renter households,,,,Total,,ABS (unpublished) Survey of Income and Housing Australia,no.,334473.0,273682,270145.0,99078.0,75997.0,25634,11048,3386,1089618.0
GA.3,2015-16,Low income rental households,All ages,All people,All areas,,,Lower income private renter households,,,Paying more than 30% of income on housing costs,Proportion,,ABS (unpublished) Survey of Income and Housing Australia,%,58.8,54.3,43.3,61.4,46.1,28.7,60.9,91.0,52.2
GA.3,2015-16,Low income rental households,All ages,All people,All areas,,,Lower income private renter households,,,Paying more than 30% of income on housing costs,Proportion,95%CI,ABS (unpublished) Survey of Income and Housing Australia,% (±),6.8,6.7,5.5,6.9,7.0,5.2,17.2,4.3,3.2
GA.3,2015-16,Low income rental households,All ages,All people,All areas,,,Lower income private renter households,,,Paying more than 30% of income on housing costs,Number,,ABS (unpublished) Survey of Income and Housing Australia,no.,190366.0,137644,101560.0,58618.0,42019.0,7539,6460,2556,543797.0
GA.3,2015-16,Low income rental households,All ages,All people,All areas,,,Lower income private renter households,,,,Total,,ABS (unpublished) Survey of Income and Housing Australia,no.,323582.0,253581,234501.0,95426.0,91139.0,26273,10602,2809,1041042.0
GA.3,2013-14,Low income rental households,All ages,All people,All areas,,,Lower income private renter households,,,Paying more than 30% of income on housing costs,Proportion,,ABS (unpublished) Survey of Income and Housing Australia,%,61.2,46.1,53.6,60.4,45.3,36.9,66.2,64.4,53.7
GA.3,2013-14,Low income rental households,All ages,All people,All areas,,,Lower income private renter households,,,Paying more than 30% of income on housing costs,Proportion,95%CI,ABS (unpublished) Survey of Income and Housing Australia,% (±),5.0,7.2,4.7,11.4,7.9,5.1,17.6,22.1,3.2
GA.3,2013-14,Low income rental households,All ages,All people,All areas,,,Lower income private renter households,,,Paying more than 30% of income on housing costs,Number,,ABS (unpublished) Survey of Income and Housing Australia,no.,173241.0,104259,129014.0,47855.0,33442.0,9305,4678,2734,504528.0
GA.3,2013-14,Low income rental households,All ages,All people,All areas,,,Lower income private renter households,,,,Total,,ABS (unpublished) Survey of Income and Housing Australia,no.,282845.0,226259,240589.0,79250.0,73779.0,25234,7063,4244,939262.0
GA.3,2011-12,Low income rental households,All ages,All people,All areas,,,Lower income private renter households,,,Paying more than 30% of income on housing costs,Proportion,,ABS (unpublished) Survey of Income and Housing Australia,%,51.4,50.1,53.9,50.1,40.9,37.6,59.7,60.1,50.5
GA.3,2011-12,Low income rental households,All ages,All people,All areas,,,Lower income private renter households,,,Paying more than 30% of income on housing costs,Proportion,95%CI,ABS (unpublished) Survey of Income and Housing Australia,% (±),5.6,5.8,4.8,10.3,9.0,5.4,15.0,18.5,2.5
GA.3,2011-12,Low income rental households,All ages,All people,All areas,,,Lower income private renter households,,,Paying more than 30% of income on housing costs,Number,,ABS (unpublished) Survey of Income and Housing Australia,no.,151498.0,115590,116804.0,38007.0,26958.0,10181,4146,2773,465956.0
GA.3,2011-12,Low income rental households,All ages,All people,All areas,,,Lower income private renter households,,,,Total,,ABS (unpublished) Survey of Income and Housing Australia,no.,294976.0,230498,216826.0,75926.0,65963.0,27102,6945,4615,922850.0
GA.4,2019-20,Housing affordability,All ages,All people,All areas,,,Homes sold or built that are affordable by low and moderate income households,Per 1000 low and moderate income households,,,,,CoreLogic (unpublished); ABS (unpublished) Survey of Income and Housing Australia,rate,25.1,25.5,44.9,45.4,35.3,49.0,55.1,39.8,33.2
GA.4,2017-18,Housing affordability,All ages,All people,All areas,,,Homes sold or built that are affordable by low and moderate income households,Per 1000 low and moderate income households,,,,,CoreLogic (unpublished); ABS (unpublished) Survey of Income and Housing Australia,rate,17.4,39.9,46.8,52.8,45.8,75.3,40.7,42.3,36.8
GA.4,2015-16,Housing affordability,All ages,All people,All areas,,,Homes sold or built that are affordable by low and moderate income households,Per 1000 low and moderate income households,,,,,CoreLogic (unpublished); ABS (unpublished) Survey of Income and Housing Australia,rate,21.8,39.6,56.0,28.8,30.0,53.7,63.2,35.1,36.1
GA.4,2013-14,Housing affordability,All ages,All people,All areas,,,Homes sold or built that are affordable by low and moderate income households,Per 1000 low and moderate income households,,,,,CoreLogic (unpublished); ABS (unpublished) Survey of Income and Housing Australia,rate,37.3,40.0,66.1,30.7,50.1,55.8,62.2,55.1,45.0
GA.4,2011-12,Housing affordability,All ages,All people,All areas,,,Homes sold or built that are affordable by low and moderate income households,Per 1000 low and moderate income households,,,,,CoreLogic (unpublished); ABS (unpublished) Survey of Income and Housing Australia,rate,31.5,28.0,20.4,23.2,27.8,37.5,37.1,36.5,27.5
GA.5,2022-23,Recurrent expenditure,All ages,All people,All areas,,2022-23 dollars,Australian Government real expenditure,Commonwealth Rent Assistance (CRA),,,,,Derived from Australian Government Department of Social Services (unpublished); ABS Australian National Accounts: National Income Expenditure and Product,$m,1571.1,1036.2,1201.7,385.0,344.3,137.9,33.7,25.2,4735.7
GA.5,2021-22,Recurrent expenditure,All ages,All people,All areas,,2022-23 dollars,Australian Government real expenditure,Commonwealth Rent Assistance (CRA),,,,,Derived from Australian Government Department of Social Services (unpublished); ABS Australian National Accounts: National Income Expenditure and Product,$m,1656.6,1103.9,1297.8,424.3,364.5,139.8,37.6,27.4,5052.3
GA.5,2020-21,Recurrent expenditure,All ages,All people,All areas,,2022-23 dollars,Australian Government real expenditure,Commonwealth Rent Assistance (CRA),,,,,Derived from Australian Government Department of Social Services (unpublished); ABS Australian National Accounts: National Income Expenditure and Product,$m,1839.3,1277.3,1461.8,498.7,404.1,143.6,44.6,33.5,5703.2
GA.5,2019-20,Recurrent expenditure,All ages,All people,All areas,,2022-23 dollars,Australian Government real expenditure,Commonwealth Rent Assistance (CRA),,,,,Derived from Australian Government Department of Social Services (unpublished); ABS Australian National Accounts: National Income Expenditure and Product,$m,1629.4,1100.9,1302.1,447.9,370.7,134.4,37.4,28.1,5051.2
GA.5,2018-19,Recurrent expenditure,All ages,All people,All areas,,2022-23 dollars,Australian Government real expenditure,Commonwealth Rent Assistance (CRA),,,,,Derived from Australian Government Department of Social Services (unpublished); ABS Australian National Accounts: National Income Expenditure and Product,$m,1549.8,1071.6,1260.3,428.7,369.7,136.3,36.4,25.5,4878.4
GA.6,2022-23,Recurrent expenditure,All ages,All people,All areas,,2022-23 dollars,Australian Government real expenditure,Commonwealth Rent Assistance (CRA),Total,,,,Derived from Australian Government Department of Social Services (unpublished); ABS Australian National Accounts: National Income Expenditure and Product,$m,1571.1,1036.2,1201.7,385.0,344.3,137.9,33.7,25.2,4735.7
GA.6,2022-23,Recurrent expenditure,All ages,All people,All areas,,2022-23 dollars,Australian Government real expenditure,Commonwealth Rent Assistance (CRA),Per person in the population,,,,Derived from Australian Government Department of Social Services (unpublished); ABS Australian National Accounts: National Income Expenditure and Product; ABS National state and territory population - December,$,191.0,155,223.0,136.0,188.0,241,73,101,180.0
GA.6,2022-23,Recurrent expenditure,All ages,All people,All areas,,2022-23 dollars,Australian Government real expenditure,Commonwealth Rent Assistance (CRA),Per income unit,,,,Derived from Australian Government Department of Social Services (unpublished); ABS Australian National Accounts: National Income Expenditure and Product,$,3805.0,3732,3739.0,3648.0,3669.0,3819,3567,3647,3747.0
GA.6,2021-22,Recurrent expenditure,All ages,All people,All areas,,2022-23 dollars,Australian Government real expenditure,Commonwealth Rent Assistance (CRA),Total,,,,Derived from Australian Government Department of Social Services (unpublished); ABS Australian National Accounts: National Income Expenditure and Product,$m,1656.6,1103.9,1297.8,424.3,364.5,139.8,37.6,27.4,5052.3
GA.6,2021-22,Recurrent expenditure,All ages,All people,All areas,,2022-23 dollars,Australian Government real expenditure,Commonwealth Rent Assistance (CRA),Per person in the population,,,,Derived from Australian Government Department of Social Services (unpublished); ABS Australian National Accounts: National Income Expenditure and Product; ABS National state and territory population - December,$,205.0,168,247.0,154.0,202.0,245,83,110,196.0
GA.6,2021-22,Recurrent expenditure,All ages,All people,All areas,,2022-23 dollars,Australian Government real expenditure,Commonwealth Rent Assistance (CRA),Per income unit,,,,Derived from Australian Government Department of Social Services (unpublished); ABS Australian National Accounts: National Income Expenditure and Product,$,3660.0,3583,3620.0,3541.0,3550.0,3689,3405,3508,3612.0
GA.6,2020-21,Recurrent expenditure,All ages,All people,All areas,,2022-23 dollars,Australian Government real expenditure,Commonwealth Rent Assistance (CRA),Total,,,,Derived from Australian Government Department of Social Services (unpublished); ABS Australian National Accounts: National Income Expenditure and Product,$m,1839.3,1277.3,1461.8,498.7,404.1,143.6,44.6,33.5,5703.2
GA.6,2020-21,Recurrent expenditure,All ages,All people,All areas,,2022-23 dollars,Australian Government real expenditure,Commonwealth Rent Assistance (CRA),Per person in the population,,,,Derived from Australian Government Department of Social Services (unpublished); ABS Australian National Accounts: National Income Expenditure and Product; ABS National state and territory population - December,$,227.0,195,282.0,183.0,225.0,256,100,135,223.0
GA.6,2020-21,Recurrent expenditure,All ages,All people,All areas,,2022-23 dollars,Australian Government real expenditure,Commonwealth Rent Assistance (CRA),Per income unit,,,,Derived from Australian Government Department of Social Services (unpublished); ABS Australian National Accounts: National Income Expenditure and Product,$,3565.0,3476,3530.0,3457.0,3463.0,3590,3322,3434,3517.0
GA.6,2019-20,Recurrent expenditure,All ages,All people,All areas,,2022-23 dollars,Australian Government real expenditure,Commonwealth Rent Assistance (CRA),Total,,,,Derived from Australian Government Department of Social Services (unpublished); ABS Australian National Accounts: National Income Expenditure and Product,$m,1629.4,1100.9,1302.1,447.9,370.7,134.4,37.4,28.1,5051.2
GA.6,2019-20,Recurrent expenditure,All ages,All people,All areas,,2022-23 dollars,Australian Government real expenditure,Commonwealth Rent Assistance (CRA),Per person in the population,,,,Derived from Australian Government Department of Social Services (unpublished); ABS Australian National Accounts: National Income Expenditure and Product; ABS National state and territory population - December,$,201.0,167,254.0,167.0,208.0,243,85,114,198.0
GA.6,2019-20,Recurrent expenditure,All ages,All people,All areas,,2022-23 dollars,Australian Government real expenditure,Commonwealth Rent Assistance (CRA),Per income unit,,,,Derived from Australian Government Department of Social Services (unpublished); ABS Australian National Accounts: National Income Expenditure and Product,$,3640.0,3564,3611.0,3551.0,3554.0,3675,3399,3486,3600.0
GA.6,2018-19,Recurrent expenditure,All ages,All people,All areas,,2022-23 dollars,Australian Government real expenditure,Commonwealth Rent Assistance (CRA),Total,,,,Derived from Australian Government Department of Social Services (unpublished); ABS Australian National Accounts: National Income Expenditure and Product,$m,1549.8,1071.6,1260.3,428.7,369.7,136.3,36.4,25.5,4878.4
GA.6,2018-19,Recurrent expenditure,All ages,All people,All areas,,2022-23 dollars,Australian Government real expenditure,Commonwealth Rent Assistance (CRA),Per person in the population,,,,Derived from Australian Government Department of Social Services (unpublished); ABS Australian National Accounts: National Income Expenditure and Product; ABS National state and territory population - December,$,194.0,165,250.0,163.0,211.0,251,84,104,194.0
GA.6,2018-19,Recurrent expenditure,All ages,All people,All areas,,2022-23 dollars,Australian Government real expenditure,Commonwealth Rent Assistance (CRA),Per income unit,,,,Derived from Australian Government Department of Social Services (unpublished); ABS Australian National Accounts: National Income Expenditure and Product,$,3794.0,3735,3781.0,3722.0,3730.0,3850,3547,3663,3765.0
GA.7,2022-23,Income units receiving CRA,All ages,All people,All areas,,,Income units receiving CRA,Income unit,Single - no dependant children,,,,Australian Government Department of Social Services (unpublished),%,48.1,47.8,45.0,47.4,50.6,52.7,49.4,51.8,47.5
GA.7,2022-23,Income units receiving CRA,All ages,All people,All areas,,,Income units receiving CRA,Income unit,Single - no children; sharer,,,,Australian Government Department of Social Services (unpublished),%,11.5,13.3,13.0,12.9,11.6,8.2,18.4,10.9,12.4
GA.7,2022-23,Income units receiving CRA,All ages,All people,All areas,,,Income units receiving CRA,Income unit,Single - 1 or 2 dependant children,,,,Australian Government Department of Social Services (unpublished),%,15.3,15.5,17.3,17.7,16.9,18.1,12.7,17.5,16.2
GA.7,2022-23,Income units receiving CRA,All ages,All people,All areas,,,Income units receiving CRA,Income unit,Single - 3 or more dependant children,,,,Australian Government Department of Social Services (unpublished),%,4.1,3.7,4.6,4.1,3.9,4.7,2.6,4.4,4.1
GA.7,2022-23,Income units receiving CRA,All ages,All people,All areas,,,Income units receiving CRA,Income unit,Partnered - no dependant children,,,,Australian Government Department of Social Services (unpublished),%,9.6,8.1,10.0,8.5,8.0,8.2,6.0,5.6,9.1
GA.7,2022-23,Income units receiving CRA,All ages,All people,All areas,,,Income units receiving CRA,Income unit,Partnered - 1 or 2 dependant children,,,,Australian Government Department of Social Services (unpublished),%,7.0,7.2,6.0,5.8,5.8,5.0,6.9,5.6,6.6
GA.7,2022-23,Income units receiving CRA,All ages,All people,All areas,,,Income units receiving CRA,Income unit,Partnered - 3 or more dependant children,,,,Australian Government Department of Social Services (unpublished),%,4.0,4.0,3.9,3.3,2.9,3.0,3.7,3.2,3.8
GA.7,2022-23,Income units receiving CRA,All ages,All people,All areas,,,Income units receiving CRA,Income unit,Partnered - illness or temporarily separated,,,,Derived from Australian Government Department of Social Services (unpublished),%,0.3,0.2,0.3,0.3,0.3,0.2,0.3,0.9,0.3
GA.7,2022-23,Income units receiving CRA,All ages,All people,All areas,,,Income units receiving CRA,Dependent children in income units,,,,,Australian Government Department of Social Services (unpublished),no.,253285.0,168760,206370.0,63735.0,53520.0,21755,4820,4140,776395.0
GA.7,2022-23,Income units receiving CRA,All ages,All people,All areas,,,Income units receiving CRA,Income unit,Single - no dependant children,,,,Australian Government Department of Social Services (unpublished),no.,198555.0,132820,144585.0,50005.0,47475.0,19010,4675,3580,600825.0
GA.7,2022-23,Income units receiving CRA,All ages,All people,All areas,,,Income units receiving CRA,Income unit,Single - no children; sharer,,,,Australian Government Department of Social Services (unpublished),no.,47680.0,37025,41815.0,13585.0,10870.0,2960,1745,750,156450.0
GA.7,2022-23,Income units receiving CRA,All ages,All people,All areas,,,Income units receiving CRA,Income unit,Single - 1 or 2 dependant children,,,,Australian Government Department of Social Services (unpublished),no.,63195.0,43090,55500.0,18675.0,15885.0,6530,1205,1210,205285.0
GA.7,2022-23,Income units receiving CRA,All ages,All people,All areas,,,Income units receiving CRA,Income unit,Single - 3 or more dependant children,,,,Australian Government Department of Social Services (unpublished),no.,17085.0,10280,14770.0,4340.0,3620.0,1690,250,305,52340.0
GA.7,2022-23,Income units receiving CRA,All ages,All people,All areas,,,Income units receiving CRA,Income unit,Partnered - no dependant children,,,,Australian Government Department of Social Services (unpublished),no.,39770.0,22595,32090.0,9005.0,7510.0,2960,565,385,114885.0
GA.7,2022-23,Income units receiving CRA,All ages,All people,All areas,,,Income units receiving CRA,Income unit,Partnered - 1 or 2 dependant children,,,,Australian Government Department of Social Services (unpublished),no.,29100.0,20110,19240.0,6110.0,5425.0,1800,650,390,82825.0
GA.7,2022-23,Income units receiving CRA,All ages,All people,All areas,,,Income units receiving CRA,Income unit,Partnered - 3 or more dependant children,,,,Australian Government Department of Social Services (unpublished),no.,16380.0,11180,12420.0,3455.0,2755.0,1070,350,220,47830.0
GA.7,2022-23,Income units receiving CRA,All ages,All people,All areas,,,Income units receiving CRA,Income unit,Partnered - illness or temporarily separated,,,,Derived from Australian Government Department of Social Services (unpublished),no.,1095.0,585,930.0,350.0,320.0,85,25,65,3450.0
GA.7,2022-23,Income units receiving CRA,All ages,All people,All areas,,,Income units receiving CRA,Income unit,Total,,,,Australian Government Department of Social Services (unpublished),no.,412860.0,277675,321350.0,105525.0,93860.0,36105,9460,6910,1263890.0
GA.8,2022-23,Income units receiving CRA,All ages,Aboriginal and Torres Strait Islander people,All areas,Aboriginal and Torres Strait Islander people,,Income units receiving CRA,Aboriginal and Torres Strait Islander,Single - no dependant children,,,,Australian Government Department of Social Services (unpublished),%,44.1,46.6,39.8,43.7,43.3,40.5,51.9,57.1,43.2
GA.8,2022-23,Income units receiving CRA,All ages,Aboriginal and Torres Strait Islander people,All areas,Aboriginal and Torres Strait Islander people,,Income units receiving CRA,Aboriginal and Torres Strait Islander,Single - no children; sharer,,,,Australian Government Department of Social Services (unpublished),%,7.2,8.7,9.6,11.4,9.6,5.1,13.6,5.8,8.4
GA.8,2022-23,Income units receiving CRA,All ages,Aboriginal and Torres Strait Islander people,All areas,Aboriginal and Torres Strait Islander people,,Income units receiving CRA,Aboriginal and Torres Strait Islander,Single - 1 or 2 dependant children,,,,Australian Government Department of Social Services (unpublished),%,24.6,22.5,23.6,23.0,23.9,23.7,18.5,17.9,23.7
GA.8,2022-23,Income units receiving CRA,All ages,Aboriginal and Torres Strait Islander people,All areas,Aboriginal and Torres Strait Islander people,,Income units receiving CRA,Aboriginal and Torres Strait Islander,Single - 3 or more dependant children,,,,Australian Government Department of Social Services (unpublished),%,9.4,7.3,8.3,7.3,7.4,8.2,4.9,5.8,8.5
GA.8,2022-23,Income units receiving CRA,All ages,Aboriginal and Torres Strait Islander people,All areas,Aboriginal and Torres Strait Islander people,,Income units receiving CRA,Aboriginal and Torres Strait Islander,Partnered - no dependant children,,,,Australian Government Department of Social Services (unpublished),%,4.9,4.9,5.4,4.5,4.3,7.9,3.7,3.8,5.1
GA.8,2022-23,Income units receiving CRA,All ages,Aboriginal and Torres Strait Islander people,All areas,Aboriginal and Torres Strait Islander people,,Income units receiving CRA,Aboriginal and Torres Strait Islander,Partnered - 1 or 2 dependant children,,,,Australian Government Department of Social Services (unpublished),%,5.7,6.0,7.3,5.9,6.5,8.6,4.9,4.7,6.4
GA.8,2022-23,Income units receiving CRA,All ages,Aboriginal and Torres Strait Islander people,All areas,Aboriginal and Torres Strait Islander people,,Income units receiving CRA,Aboriginal and Torres Strait Islander,Partnered - 3 or more dependant children,,,,Australian Government Department of Social Services (unpublished),%,3.9,4.0,5.7,3.9,4.8,6.1,3.7,2.7,4.5
GA.8,2022-23,Income units receiving CRA,All ages,Aboriginal and Torres Strait Islander people,All areas,Aboriginal and Torres Strait Islander people,,Income units receiving CRA,Aboriginal and Torres Strait Islander,Partnered - illness or temporarily separated,,,,Derived from Australian Government Department of Social Services (unpublished),%,0.1,0.1,0.2,0.3,0.3,0.3,0,2.2,0.2
GA.8,2022-23,Income units receiving CRA,All ages,Aboriginal and Torres Strait Islander people,All areas,Aboriginal and Torres Strait Islander people,,Income units receiving CRA,Aboriginal and Torres Strait Islander,Single - no dependant children,,,,Australian Government Department of Social Services (unpublished),no.,15395.0,3745,10655.0,2940.0,2035.0,1435,210,1280,37705.0
GA.8,2022-23,Income units receiving CRA,All ages,Aboriginal and Torres Strait Islander people,All areas,Aboriginal and Torres Strait Islander people,,Income units receiving CRA,Aboriginal and Torres Strait Islander,Single - no children; sharer,,,,Australian Government Department of Social Services (unpublished),no.,2510.0,700,2580.0,765.0,450.0,180,55,130,7360.0
GA.8,2022-23,Income units receiving CRA,All ages,Aboriginal and Torres Strait Islander people,All areas,Aboriginal and Torres Strait Islander people,,Income units receiving CRA,Aboriginal and Torres Strait Islander,Single - 1 or 2 dependant children,,,,Australian Government Department of Social Services (unpublished),no.,8600.0,1805,6325.0,1550.0,1125.0,840,75,400,20715.0
GA.8,2022-23,Income units receiving CRA,All ages,Aboriginal and Torres Strait Islander people,All areas,Aboriginal and Torres Strait Islander people,,Income units receiving CRA,Aboriginal and Torres Strait Islander,Single - 3 or more dependant children,,,,Australian Government Department of Social Services (unpublished),no.,3290.0,590,2230.0,490.0,350.0,290,20,130,7390.0
GA.8,2022-23,Income units receiving CRA,All ages,Aboriginal and Torres Strait Islander people,All areas,Aboriginal and Torres Strait Islander people,,Income units receiving CRA,Aboriginal and Torres Strait Islander,Partnered - no dependant children,,,,Australian Government Department of Social Services (unpublished),no.,1725.0,390,1450.0,305.0,200.0,280,15,85,4455.0
GA.8,2022-23,Income units receiving CRA,All ages,Aboriginal and Torres Strait Islander people,All areas,Aboriginal and Torres Strait Islander people,,Income units receiving CRA,Aboriginal and Torres Strait Islander,Partnered - 1 or 2 dependant children,,,,Australian Government Department of Social Services (unpublished),no.,1995.0,480,1950.0,395.0,305.0,305,20,105,5550.0
GA.8,2022-23,Income units receiving CRA,All ages,Aboriginal and Torres Strait Islander people,All areas,Aboriginal and Torres Strait Islander people,,Income units receiving CRA,Aboriginal and Torres Strait Islander,Partnered - 3 or more dependant children,,,,Australian Government Department of Social Services (unpublished),no.,1360.0,320,1515.0,265.0,225.0,215,15,60,3970.0
GA.8,2022-23,Income units receiving CRA,All ages,Aboriginal and Torres Strait Islander people,All areas,Aboriginal and Torres Strait Islander people,,Income units receiving CRA,Aboriginal and Torres Strait Islander,Partnered - illness or temporarily separated,,,,Derived from Australian Government Department of Social Services (unpublished),no.,50.0,10,45.0,20.0,15.0,10,0,50,190.0
GA.8,2022-23,Income units receiving CRA,All ages,Aboriginal and Torres Strait Islander people,All areas,Aboriginal and Torres Strait Islander people,,Income units receiving CRA,Aboriginal and Torres Strait Islander,Total,,,,Australian Government Department of Social Services (unpublished),no.,34925.0,8030,26750.0,6725.0,4705.0,3545,405,2240,87335.0
GA.9,2022-23,Income units receiving CRA,All ages,All people,All areas,Disability support pension,,Income units receiving CRA,All,Disability Support Pension,,,,Australian Government Department of Social Services (unpublished),%,21.6,22.2,20.4,17.7,21.6,28.2,20.5,23.4,21.3
GA.9,2022-23,Income units receiving CRA,All ages,All people,All areas,,,Income units receiving CRA,All,Carer Payment,,,,Australian Government Department of Social Services (unpublished),%,7.9,6.1,5.6,4.0,5.9,6.3,2.7,3.3,6.3
GA.9,2022-23,Income units receiving CRA,All ages,All people,All areas,,,Income units receiving CRA,All,Age Pension,,,,Australian Government Department of Social Services (unpublished),%,26.0,22.7,25.9,25.9,23.6,22.1,16.3,20.3,24.9
GA.9,2022-23,Income units receiving CRA,All ages,All people,All areas,,,Income units receiving CRA,All,Parenting Payment (Single),,,,Australian Government Department of Social Services (unpublished),%,8.6,7.7,9.3,9.9,8.6,9.4,6.2,10.6,8.7
GA.9,2022-23,Income units receiving CRA,All ages,All people,All areas,,,Income units receiving CRA,All,Jobseeker Payment,,,,Australian Government Department of Social Services (unpublished),%,19.8,22.1,20.5,25.3,24.6,20.9,19.3,26.1,21.4
GA.9,2022-23,Income units receiving CRA,All ages,All people,All areas,,,Income units receiving CRA,All,Youth Allowance (student and apprentice),,,,Australian Government Department of Social Services (unpublished),%,2.6,4.1,3.1,2.8,3.2,2.8,16.4,1.0,3.2
GA.9,2022-23,Income units receiving CRA,All ages,All people,All areas,,,Income units receiving CRA,All,Youth Allowance (other),,,,Australian Government Department of Social Services (unpublished),%,0.5,0.5,0.7,0.8,0.7,0.9,1.1,1.0,0.6
GA.9,2022-23,Income units receiving CRA,All ages,All people,All areas,,,Income units receiving CRA,All,Austudy,,,,Australian Government Department of Social Services (unpublished),%,0.8,1.3,1.0,1.0,1.1,0.8,2.0,0.9,1.0
GA.9,2022-23,Income units receiving CRA,All ages,All people,All areas,,,Income units receiving CRA,All,Parenting Payment (Partnered),,,,Australian Government Department of Social Services (unpublished),%,1.5,1.6,1.3,1.3,1.3,1.2,1.3,1.1,1.4
GA.9,2022-23,Income units receiving CRA,All ages,All people,All areas,,,Income units receiving CRA,All,Other Income Support Payment,,,,Australian Government Department of Social Services (unpublished),%,0.4,0.4,0.2,0.2,0.2,0.1,0.2,0.3,0.3
GA.9,2022-23,Income units receiving CRA,All ages,All people,All areas,,,Income units receiving CRA,All,FTB (only),,,,Australian Government Department of Social Services (unpublished),%,10.1,11.4,11.9,11.0,9.1,7.4,14.1,11.9,10.8
GA.9,2022-23,Income units receiving CRA,All ages,Aboriginal and Torres Strait Islander people,All areas,Disability support pension,,Income units receiving CRA,Aboriginal and Torres Strait Islander,Disability Support Pension,,,,Australian Government Department of Social Services (unpublished),%,25.3,27.1,22.2,18.7,21.7,30.6,25.9,35.0,24.3
GA.9,2022-23,Income units receiving CRA,All ages,Aboriginal and Torres Strait Islander people,All areas,Aboriginal and Torres Strait Islander people,,Income units receiving CRA,Aboriginal and Torres Strait Islander,Carer Payment,,,,Australian Government Department of Social Services (unpublished),%,9.8,9.0,7.9,5.6,8.0,10.3,2.5,3.1,8.5
GA.9,2022-23,Income units receiving CRA,All ages,Aboriginal and Torres Strait Islander people,All areas,Aboriginal and Torres Strait Islander people,,Income units receiving CRA,Aboriginal and Torres Strait Islander,Age Pension,,,,Australian Government Department of Social Services (unpublished),%,7.8,6.0,7.2,6.3,4.8,5.9,3.7,7.8,7.1
GA.9,2022-23,Income units receiving CRA,All ages,Aboriginal and Torres Strait Islander people,All areas,Aboriginal and Torres Strait Islander people,,Income units receiving CRA,Aboriginal and Torres Strait Islander,Parenting Payment (Single),,,,Australian Government Department of Social Services (unpublished),%,19.3,15.8,18.3,18.6,18.3,15.9,13.6,13.2,18.3
GA.9,2022-23,Income units receiving CRA,All ages,Aboriginal and Torres Strait Islander people,All areas,Aboriginal and Torres Strait Islander people,,Income units receiving CRA,Aboriginal and Torres Strait Islander,Jobseeker Payment,,,,Australian Government Department of Social Services (unpublished),%,25.5,28.8,28.9,37.2,34.1,23.4,33.3,30.1,28.3
GA.9,2022-23,Income units receiving CRA,All ages,Aboriginal and Torres Strait Islander people,All areas,Aboriginal and Torres Strait Islander people,,Income units receiving CRA,Aboriginal and Torres Strait Islander,Youth Allowance (student and apprentice),,,,Australian Government Department of Social Services (unpublished),%,0.5,1.1,0.6,0.5,0.7,1.3,2.5,0.2,0.6
GA.9,2022-23,Income units receiving CRA,All ages,Aboriginal and Torres Strait Islander people,All areas,Aboriginal and Torres Strait Islander people,,Income units receiving CRA,Aboriginal and Torres Strait Islander,Youth Allowance (other),,,,Australian Government Department of Social Services (unpublished),%,1.8,1.7,2.0,2.8,2.6,1.8,3.7,2.0,2.0
GA.9,2022-23,Income units receiving CRA,All ages,Aboriginal and Torres Strait Islander people,All areas,Aboriginal and Torres Strait Islander people,,Income units receiving CRA,Aboriginal and Torres Strait Islander,Austudy,,,,Australian Government Department of Social Services (unpublished),%,0.1,0.2,0.1,0.1,0.1,0.1,1.2,0,0.1
GA.9,2022-23,Income units receiving CRA,All ages,Aboriginal and Torres Strait Islander people,All areas,Aboriginal and Torres Strait Islander people,,Income units receiving CRA,Aboriginal and Torres Strait Islander,Parenting Payment (Partnered),,,,Australian Government Department of Social Services (unpublished),%,1.5,1.8,2.3,2.0,2.3,2.4,1.2,1.1,1.9
GA.9,2022-23,Income units receiving CRA,All ages,Aboriginal and Torres Strait Islander people,All areas,Aboriginal and Torres Strait Islander people,,Income units receiving CRA,Aboriginal and Torres Strait Islander,Other Income Support Payment,,,,Australian Government Department of Social Services (unpublished),%,0.0,0.1,0.0,0.1,0.1,0,0,0,0.0
GA.9,2022-23,Income units receiving CRA,All ages,Aboriginal and Torres Strait Islander people,All areas,Aboriginal and Torres Strait Islander people,,Income units receiving CRA,Aboriginal and Torres Strait Islander,FTB (only),,,,Australian Government Department of Social Services (unpublished),%,8.1,8.3,10.5,8.0,7.3,8.3,12.3,7.6,8.8
GA.10,2022-23,Income units receiving CRA,All ages,All people,Major cities,,,Income units receiving CRA,Major cities,,,,,Derived from Australian Government Department of Social Services (unpublished),%,67.2,72.2,62.4,78.6,75.1,..,99.8,..,66.6
GA.10,2022-23,Income units receiving CRA,All ages,All people,Inner regional,,,Income units receiving CRA,Inner regional,,,,,Derived from Australian Government Department of Social Services (unpublished),%,27.2,22.9,22.7,10.0,10.3,62.0,0.2,..,23.0
GA.10,2022-23,Income units receiving CRA,All ages,All people,Outer regional,,,Income units receiving CRA,Outer regional,,,,,Derived from Australian Government Department of Social Services (unpublished),%,5.1,4.8,13.7,8.3,12.2,36.5,..,74.1,9.3
GA.10,2022-23,Income units receiving CRA,All ages,All people,Remote,,,Income units receiving CRA,Remote,,,,,Derived from Australian Government Department of Social Services (unpublished),%,0.3,0,0.8,2.1,1.9,1.2,..,21.9,0.8
GA.10,2022-23,Income units receiving CRA,All ages,All people,Very remote,,,Income units receiving CRA,Very remote,,,,,Derived from Australian Government Department of Social Services (unpublished),%,0.1,..,0.4,1.1,0.5,0.3,..,4.0,0.3
GA.11,2022-23,Income units receiving CRA,All ages,Non-Indigenous people,All areas,Non-Indigenous people,,Income units receiving CRA,Non-Indigenous,,,,,Derived from Australian Government Department of Social Services (unpublished),%,91.5,97.1,91.7,93.6,95.0,90.2,95.7,67.6,93.1
GA.11,2022-23,Income units receiving CRA,All ages,Aboriginal and Torres Strait Islander people,All areas,Aboriginal and Torres Strait Islander people,,Income units receiving CRA,Aboriginal and Torres Strait Islander,,,,,Derived from Australian Government Department of Social Services (unpublished),%,8.5,2.9,8.3,6.4,5.0,9.8,4.3,32.4,6.9
GA.11,2022-23,Income units receiving CRA,All ages,All people,All areas,Disability support pension,,Income units receiving CRA,Disability Support Pension recipient,,,,,Australian Government Department of Social Services (unpublished),%,21.6,22.2,20.4,17.7,21.6,28.2,20.5,23.4,21.3
GA.11,2022-23,Income units receiving CRA,<25 years old,All people,All areas,Aged under 25 years,,Income units receiving CRA,Aged under 25 years,,,,,Derived from Australian Government Department of Social Services (unpublished),%,5.9,7.0,7.3,6.6,6.8,7.6,20.9,6.6,6.8
GA.11,2022-23,Income units receiving CRA,75+ years old,All people,All areas,Aged 75 years or over,,Income units receiving CRA,Aged 75 years or over,,,,,Derived from Australian Government Department of Social Services (unpublished),%,14.7,12.9,14.8,14.6,13.7,13.2,9.1,8.4,14.1
GA.11,2022-23,Income units receiving CRA,All ages,All people,Greater Capital city,,,Income units receiving CRA,Geographic location,Greater Capital City Statistical Area,,,,Australian Government Department of Social Services (unpublished),%,53.8,68.8,47.3,79.4,76.3,42.3,100.0,74.1,59.4
GA.11,2022-23,Income units receiving CRA,All ages,All people,Rest of state or territory,,,Income units receiving CRA,Geographic location,Rest of state or territory,,,,Australian Government Department of Social Services (unpublished),%,46.2,31.2,52.7,20.6,23.7,57.7,0,25.9,40.6
GA.11,2022-23,Income units receiving CRA,All ages,Non-Indigenous people,All areas,Non-Indigenous people,,Income units receiving CRA,Non-Indigenous,,,,,Australian Government Department of Social Services (unpublished),no.,377935.0,269645,294600.0,98800.0,89155.0,32560,9055,4670,1176555.0
GA.11,2022-23,Income units receiving CRA,All ages,Aboriginal and Torres Strait Islander people,All areas,Aboriginal and Torres Strait Islander people,,Income units receiving CRA,Aboriginal and Torres Strait Islander,,,,,Australian Government Department of Social Services (unpublished),no.,34925.0,8030,26750.0,6725.0,4705.0,3545,405,2240,87335.0
GA.11,2022-23,Income units receiving CRA,All ages,All people,All areas,Disability support pension,,Income units receiving CRA,Disability Support Pension recipient,,,,,Australian Government Department of Social Services (unpublished),no.,89195.0,61635,65560.0,18695.0,20320.0,10165,1935,1620,269175.0
GA.11,2022-23,Income units receiving CRA,<25 years old,All people,All areas,Aged under 25 years,,Income units receiving CRA,Aged under 25 years,,,,,Australian Government Department of Social Services (unpublished),no.,24525.0,19545,23350.0,7010.0,6345.0,2760,1975,455,85965.0
GA.11,2022-23,Income units receiving CRA,75+ years old,All people,All areas,Aged 75 years or over,,Income units receiving CRA,Aged 75 years or over,,,,,Australian Government Department of Social Services (unpublished),no.,60770.0,35775,47500.0,15395.0,12900.0,4755,865,580,178600.0
GA.11,2022-23,Income units receiving CRA,All ages,All people,Greater Capital city,,,Income units receiving CRA,Geographic location,Greater Capital City Statistical Area,,,,Australian Government Department of Social Services (unpublished),no.,222065.0,191165,152090.0,83825.0,71595.0,15255,9460,5120,750575.0
GA.11,2022-23,Income units receiving CRA,All ages,All people,Rest of state or territory,,,Income units receiving CRA,Geographic location,Rest of state or territory,,,,Australian Government Department of Social Services (unpublished),no.,190795.0,86515,169260.0,21700.0,22265.0,20850,0,1790,513315.0
GA.11,2022-23,Income units receiving CRA,All ages,All people,All areas,,,Income units receiving CRA,Total,,,,,Australian Government Department of Social Services (unpublished),no.,412860.0,277675,321350.0,105525.0,93860.0,36105,9460,6910,1263890.0
GA.11,2022,Income units receiving CRA,All ages,Non-Indigenous people,All areas,Non-Indigenous people,,Estimated resident population at 31 December,Non-Indigenous,,,,,Derived from ABS National state and territory population - December; ABS Estimates and Projections Aboriginal and Torres Strait Islander Australians,%,96.4,99.0,95.2,96.0,97.4,94.5,98.0,68.3,96.6
GA.11,2022,Income units receiving CRA,All ages,Aboriginal and Torres Strait Islander people,All areas,Aboriginal and Torres Strait Islander people,,Estimated resident population at 31 December,Aboriginal and Torres Strait Islander people,,,,,Derived from ABS National state and territory population - December; ABS Estimates and Projections Aboriginal and Torres Strait Islander Australians,%,3.6,1.0,4.8,4.0,2.6,5.5,2.0,31.7,3.4
GA.11,2022,Income units receiving CRA,All ages,All people,All areas,Disability support pension,,Estimated resident population at 31 December,Disability Support Pension recipient,,,,,Derived from Australian Government Department of Social Services (unpublished); ABS National state and territory population - December,%,2.9,2.8,3.1,2.1,3.6,4.8,1.9,3.3,2.9
GA.11,2022,Income units receiving CRA,15-24 years old,All people,All areas,,,Estimated resident population at 31 December,15-24 years old,,,,,Derived from ABS National state and territory population - December,%,12.4,12.3,12.7,12.0,11.9,11.0,13.5,12.9,12.3
GA.11,2022,Income units receiving CRA,75+ years old,All people,All areas,,,Estimated resident population at 31 December,75+ years old,,,,,Derived from ABS National state and territory population - December,%,8.0,7.6,7.5,7.1,9.3,9.4,6.2,3.0,7.7
GA.12,2022-23,Income units receiving CRA,All ages,All people,All areas,,,Income units receiving CRA,Paying enough rent to be eligible for maximum assistance,,,,,Australian Government Department of Social Services (unpublished),%,77.7,76.2,77.0,74.2,71.1,71.8,79.3,71.9,76.2
GA.12,2021-22,Income units receiving CRA,All ages,All people,All areas,,,Income units receiving CRA,Paying enough rent to be eligible for maximum assistance,,,,,Australian Government Department of Social Services (unpublished),%,80.3,78.5,79.9,77.6,73.6,74.4,82.1,76.3,78.9
GA.12,2020-21,Income units receiving CRA,All ages,All people,All areas,,,Income units receiving CRA,Paying enough rent to be eligible for maximum assistance,,,,,Australian Government Department of Social Services (unpublished),%,80.7,78.6,80.1,77.9,73.8,73.6,83.1,77.3,79.1
GA.12,2019-20,Income units receiving CRA,All ages,All people,All areas,,,Income units receiving CRA,Paying enough rent to be eligible for maximum assistance,,,,,Australian Government Department of Social Services (unpublished),%,79.7,77.9,79.7,78.4,73.8,72.9,82.9,77.1,78.6
GA.12,2018-19,Income units receiving CRA,All ages,All people,All areas,,,Income units receiving CRA,Paying enough rent to be eligible for maximum assistance,,,,,Australian Government Department of Social Services (unpublished),%,78.7,77.1,79.4,78.7,73.6,72.3,82.9,77.4,78.0
GA.13,2023,Income units receiving CRA,All ages,All people,All areas,All,,Income units receiving CRA at 30 June,Paying more than 30% of income on rent,All income units,with CRA,,,Australian Government Department of Social Services (unpublished),%,45.3,43.1,43.1,41.8,34.7,33.0,53.2,40.6,42.9
GA.13,2023,Income units receiving CRA,All ages,All people,All areas,All,,Income units receiving CRA at 30 June,Paying more than 30% of income on rent,All income units,without CRA,,,Australian Government Department of Social Services (unpublished),%,73.2,69.6,69.7,69.1,66.9,67.9,75.6,68.6,70.6
GA.13,2023,Income units receiving CRA,All ages,Aboriginal and Torres Strait Islander people,All areas,Aboriginal and Torres Strait Islander people,,Income units receiving CRA at 30 June,Paying more than 30% of income on rent,Aboriginal and Torres Strait Islander,with CRA,,,Australian Government Department of Social Services (unpublished),%,36.0,39.6,39.1,38.4,32.2,31.5,43.0,33.1,37.0
GA.13,2023,Income units receiving CRA,All ages,Aboriginal and Torres Strait Islander people,All areas,Aboriginal and Torres Strait Islander people,,Income units receiving CRA at 30 June,Paying more than 30% of income on rent,Aboriginal and Torres Strait Islander,without CRA,,,Australian Government Department of Social Services (unpublished),%,69.3,70.5,67.8,68.0,66.3,65.2,72.2,65.3,68.4
GA.13,2023,Income units receiving CRA,All ages,All people,All areas,Disability support pension,,Income units receiving CRA at 30 June,Paying more than 30% of income on rent,Receiving Disability Support Pension,with CRA,,,Australian Government Department of Social Services (unpublished),%,33.5,33.6,33.7,33.0,25.0,23.8,28.1,30.6,32.5
GA.13,2023,Income units receiving CRA,All ages,All people,All areas,Disability support pension,,Income units receiving CRA at 30 June,Paying more than 30% of income on rent,Receiving Disability Support Pension,without CRA,,,Australian Government Department of Social Services (unpublished),%,74.1,69.1,70.4,71.0,67.5,67.4,69.8,67.8,71.0
GA.13,2023,Income units receiving CRA,All ages,All people,All areas,Aged under 25 years,,Income units receiving CRA at 30 June,Paying more than 30% of income on rent,With family member aged under 25 years,with CRA,,,Australian Government Department of Social Services (unpublished),%,67.5,68.3,62.9,58.1,56.7,55.3,81.8,46.5,64.7
GA.13,2023,Income units receiving CRA,All ages,All people,All areas,Aged under 25 years,,Income units receiving CRA at 30 June,Paying more than 30% of income on rent,With family member aged under 25 years,without CRA,,,Australian Government Department of Social Services (unpublished),%,85.7,85.5,83.0,80.5,80.5,80.8,93.3,75.6,84.1
GA.13,2023,Income units receiving CRA,All ages,All people,All areas,Aged 75 years or over,,Income units receiving CRA at 30 June,Paying more than 30% of income on rent,With family member aged 75 years or over,with CRA,,,Australian Government Department of Social Services (unpublished),%,29.3,30.1,31.3,26.7,21.4,23.0,32.9,36.5,29.0
GA.13,2023,Income units receiving CRA,All ages,All people,All areas,Aged 75 years or over,,Income units receiving CRA at 30 June,Paying more than 30% of income on rent,With family member aged 75 years or over,without CRA,,,Australian Government Department of Social Services (unpublished),%,61.6,60.0,61.8,56.7,55.2,62.5,61.3,66.1,60.5
GA.13,2023,Income units receiving CRA,All ages,All people,Greater Capital city,,,Income units receiving CRA at 30 June,Paying more than 30% of income on rent,Greater Capital City Statistical Area,with CRA,,,Australian Government Department of Social Services (unpublished),%,51.5,46.7,45.0,44.3,38.0,37.4,53.2,42.5,46.5
GA.13,2023,Income units receiving CRA,All ages,All people,Greater Capital city,,,Income units receiving CRA at 30 June,Paying more than 30% of income on rent,Greater Capital City Statistical Area,without CRA,,,Australian Government Department of Social Services (unpublished),%,76.9,71.8,70.5,71.0,69.5,72.2,75.6,69.8,72.8
GA.13,2023,Income units receiving CRA,All ages,All people,Rest of state or territory,,,Income units receiving CRA at 30 June,Paying more than 30% of income on rent,Rest of state or territory,with CRA,,,Australian Government Department of Social Services (unpublished),%,38.1,35.2,41.4,32.0,24.3,29.8,0,35.3,37.5
GA.13,2023,Income units receiving CRA,All ages,All people,Rest of state or territory,,,Income units receiving CRA at 30 June,Paying more than 30% of income on rent,Rest of state or territory,without CRA,,,Australian Government Department of Social Services (unpublished),%,68.9,64.8,69.0,61.6,58.6,64.8,0,65.2,67.3
GA.13,2022,Income units receiving CRA,All ages,All people,All areas,All,,Income units receiving CRA at 30 June,Paying more than 30% of income on rent,All income units,with CRA,,,Australian Government Department of Social Services (unpublished),%,46.8,44.3,43.4,42.8,35.4,32.9,53.9,42.2,43.9
GA.13,2022,Income units receiving CRA,All ages,All people,All areas,All,,Income units receiving CRA at 30 June,Paying more than 30% of income on rent,All income units,without CRA,,,Australian Government Department of Social Services (unpublished),%,74.9,71.1,70.9,70.4,67.6,68.8,76.3,68.2,71.9
GA.13,2021,Income units receiving CRA,All ages,All people,All areas,All,,Income units receiving CRA at 30 June,Paying more than 30% of income on rent,All income units,with CRA,,,Australian Government Department of Social Services (unpublished),%,48.5,46.7,45.1,44.5,37.0,34.6,55.1,43.5,45.7
GA.13,2021,Income units receiving CRA,All ages,All people,All areas,All,,Income units receiving CRA at 30 June,Paying more than 30% of income on rent,All income units,without CRA,,,Australian Government Department of Social Services (unpublished),%,75.2,72.2,71.5,71.2,68.3,68.0,76.6,70.0,72.5
GA.13,2020,Income units receiving CRA,All ages,All people,All areas,All,,Income units receiving CRA at 30 June,Paying more than 30% of income on rent,All income units,with CRA,,,Australian Government Department of Social Services (unpublished),%,35.0,28.7,28.2,25.2,20.0,18.7,35.8,27.9,29.4
GA.13,2020,Income units receiving CRA,All ages,All people,All areas,All,,Income units receiving CRA at 30 June,Paying more than 30% of income on rent,All income units,without CRA,,,Australian Government Department of Social Services (unpublished),%,61.6,53.9,54.2,50.3,46.0,46.9,60.2,52.4,55.4
GA.13,2019,Income units receiving CRA,All ages,All people,All areas,All,,Income units receiving CRA at 30 June,Paying more than 30% of income on rent,All income units,with CRA,,,Australian Government Department of Social Services (unpublished),%,43.3,39.5,40.1,42.5,33.4,29.3,48.3,41.6,40.5
GA.13,2019,Income units receiving CRA,All ages,All people,All areas,All,,Income units receiving CRA at 30 June,Paying more than 30% of income on rent,All income units,without CRA,,,Australian Government Department of Social Services (unpublished),%,71.6,67.0,68.2,70.1,65.5,63.3,71.6,69.2,68.9
GA.14,2023,Income units receiving CRA,All ages,All people,All areas,All,,Income units receiving CRA at 30 June,Paying more than 50% of income on rent,All income units,with CRA,,,Australian Government Department of Social Services (unpublished),%,18.9,16.3,16.1,15.1,11.7,10.5,29.2,13.8,16.6
GA.14,2023,Income units receiving CRA,All ages,All people,All areas,All,,Income units receiving CRA at 30 June,Paying more than 50% of income on rent,All income units,without CRA,,,Australian Government Department of Social Services (unpublished),%,32.8,31.2,30.3,29.9,24.7,23.2,42.4,29.6,30.8
GA.14,2023,Income units receiving CRA,All ages,Aboriginal and Torres Strait Islander people,All areas,Aboriginal and Torres Strait Islander people,,Income units receiving CRA at 30 June,Paying more than 50% of income on rent,Aboriginal and Torres Strait Islander,with CRA,,,Australian Government Department of Social Services (unpublished),%,13.5,13.7,14.3,13.3,10.8,10.2,20.3,8.0,13.4
GA.14,2023,Income units receiving CRA,All ages,Aboriginal and Torres Strait Islander people,All areas,Aboriginal and Torres Strait Islander people,,Income units receiving CRA at 30 June,Paying more than 50% of income on rent,Aboriginal and Torres Strait Islander,without CRA,,,Australian Government Department of Social Services (unpublished),%,26.4,28.9,28.2,29.1,23.8,21.9,32.9,24.1,27.0
GA.14,2023,Income units receiving CRA,All ages,All people,All areas,Disability support pension,,Income units receiving CRA at 30 June,Paying more than 50% of income on rent,Receiving Disability Support Pension,with CRA,,,Australian Government Department of Social Services (unpublished),%,9.9,8.2,8.2,7.4,5.1,4.7,10.9,6.3,8.3
GA.14,2023,Income units receiving CRA,All ages,All people,All areas,Disability support pension,,Income units receiving CRA at 30 June,Paying more than 50% of income on rent,Receiving Disability Support Pension,without CRA,,,Australian Government Department of Social Services (unpublished),%,22.2,21.8,21.0,21.2,15.3,14.1,20.3,20.6,20.9
GA.14,2023,Income units receiving CRA,All ages,All people,All areas,Aged under 25 years,,Income units receiving CRA at 30 June,Paying more than 50% of income on rent,With family member aged under 25 years,with CRA,,,Australian Government Department of Social Services (unpublished),%,39.2,39.9,34.6,28.5,27.7,25.9,59.9,22.1,36.3
GA.14,2023,Income units receiving CRA,All ages,All people,All areas,Aged under 25 years,,Income units receiving CRA at 30 June,Paying more than 50% of income on rent,With family member aged under 25 years,without CRA,,,Australian Government Department of Social Services (unpublished),%,59.5,60.8,54.8,50.5,66.9,47.6,75.9,41.9,56.9
GA.14,2023,Income units receiving CRA,All ages,All people,All areas,Aged 75 years or over,,Income units receiving CRA at 30 June,Paying more than 50% of income on rent,With family member aged 75 years or over,with CRA,,,Australian Government Department of Social Services (unpublished),%,8.8,7.5,7.4,6.5,4.3,4.3,12.1,7.8,7.5
GA.14,2023,Income units receiving CRA,All ages,All people,All areas,Aged 75 years or over,,Income units receiving CRA at 30 June,Paying more than 50% of income on rent,With family member aged 75 years or over,without CRA,,,Australian Government Department of Social Services (unpublished),%,18.3,18.4,18.4,16.1,11.8,13.1,20.8,20.9,17.6
GA.14,2023,Income units receiving CRA,All ages,All people,Greater Capital city,,,Income units receiving CRA at 30 June,Paying more than 50% of income on rent,Greater Capital City Statistical Area,with CRA,,,Australian Government Department of Social Services (unpublished),%,23.5,18.7,16.9,16.4,13.5,13.7,29.2,15.4,19.0
GA.14,2023,Income units receiving CRA,All ages,All people,Greater Capital city,,,Income units receiving CRA at 30 June,Paying more than 50% of income on rent,Greater Capital City Statistical Area,without CRA,,,Australian Government Department of Social Services (unpublished),%,37.7,34.3,31.7,31.9,27.3,27.1,42.4,31.3,33.8
GA.14,2023,Income units receiving CRA,All ages,All people,Rest of state or territory,,,Income units receiving CRA at 30 June,Paying more than 50% of income on rent,Rest of state or territory,with CRA,,,Australian Government Department of Social Services (unpublished),%,13.6,10.9,15.4,10.2,6.0,8.2,0,9.5,12.3
GA.14,2023,Income units receiving CRA,All ages,All people,Rest of state or territory,,,Income units receiving CRA at 30 June,Paying more than 50% of income on rent,Rest of state or territory,without CRA,,,Australian Government Department of Social Services (unpublished),%,27.1,24.5,29.0,22.5,16.4,20.4,0,24.7,26.3
GA.14,2022,Income units receiving CRA,All ages,All people,All areas,All,,Income units receiving CRA at 30 June,Paying more than 50% of income on rent,All income units,with CRA,,,Australian Government Department of Social Services (unpublished),%,19.3,16.5,15.0,14.7,11.1,9.4,28.4,14.4,16.3
GA.14,2022,Income units receiving CRA,All ages,All people,All areas,All,,Income units receiving CRA at 30 June,Paying more than 50% of income on rent,All income units,without CRA,,,Australian Government Department of Social Services (unpublished),%,33.9,31.9,30.2,30.4,24.8,22.7,42.3,30.6,31.3
GA.14,2021,Income units receiving CRA,All ages,All people,All areas,All,,Income units receiving CRA at 30 June,Paying more than 50% of income on rent,All income units,with CRA,,,Australian Government Department of Social Services (unpublished),%,20.4,18.0,16.0,15.4,11.7,10.0,29.1,15.8,17.4
GA.14,2021,Income units receiving CRA,All ages,All people,All areas,All,,Income units receiving CRA at 30 June,Paying more than 50% of income on rent,All income units,without CRA,,,Australian Government Department of Social Services (unpublished),%,35.1,34.0,31.5,31.7,26.0,23.8,43.4,32.2,32.7
GA.14,2020,Income units receiving CRA,All ages,All people,All areas,All,,Income units receiving CRA at 30 June,Paying more than 50% of income on rent,All income units,with CRA,,,Australian Government Department of Social Services (unpublished),%,10.1,7.2,6.2,5.1,3.4,2.6,10.3,6.0,7.3
GA.14,2020,Income units receiving CRA,All ages,All people,All areas,All,,Income units receiving CRA at 30 June,Paying more than 50% of income on rent,All income units,without CRA,,,Australian Government Department of Social Services (unpublished),%,19.3,15.7,14.6,13.4,10.3,9.1,19.2,14.8,15.8
GA.14,2019,Income units receiving CRA,All ages,All people,All areas,All,,Income units receiving CRA at 30 June,Paying more than 50% of income on rent,All income units,with CRA,,,Australian Government Department of Social Services (unpublished),%,14.9,12.6,11.7,12.7,8.6,6.6,22.4,13.0,12.7
GA.14,2019,Income units receiving CRA,All ages,All people,All areas,All,,Income units receiving CRA at 30 June,Paying more than 50% of income on rent,All income units,without CRA,,,Australian Government Department of Social Services (unpublished),%,29.3,27.1,26.5,29.7,22.7,19.0,35.8,29.7,27.4
GA.15,2019-20,Housing composition by tenure type,All ages,All people,All areas,,,,Households,Renters,Public housing,,,ABS Housing Occupancy and Costs,%,2.5,2.0,3.2,2.8,5.1,4.7,5.5,6.5,2.9
GA.15,2019-20,Housing composition by tenure type,All ages,All people,All areas,,,,Households,Renters,Public housing,,95%CI,ABS Housing Occupancy and Costs,% (±),0.6,0.7,0.9,0.9,1.3,2.0,1.7,3.0,0.3
GA.15,2019-20,Housing composition by tenure type,All ages,All people,All areas,,,,Households,Renters,Private rental,,,ABS Housing Occupancy and Costs,%,27.7,26.0,29.1,22.5,21.1,21.7,19.7,29.6,26.2
GA.15,2019-20,Housing composition by tenure type,All ages,All people,All areas,,,,Households,Renters,Private rental,,95%CI,ABS Housing Occupancy and Costs,% (±),1.8,2.4,2.7,2.5,2.1,3.8,3.0,5.5,1.0
GA.15,2019-20,Housing composition by tenure type,All ages,All people,All areas,,,,Households,Renters,Total renters,,,ABS Housing Occupancy and Costs,%,33.0,29.2,34.7,28.2,28.4,29.3,28.1,40.0,31.4
GA.15,2019-20,Housing composition by tenure type,All ages,All people,All areas,,,,Households,Renters,Total renters,,95%CI,ABS Housing Occupancy and Costs,% (±),1.9,2.6,2.6,2.8,2.1,4.0,3.7,6.1,1.0
GA.15,2019-20,Housing composition by tenure type,All ages,All people,All areas,,,,Households,Home owners with a mortgage,,,,ABS Housing Occupancy and Costs,%,34.0,37.4,35.6,42.7,39.0,34.9,42.2,43.0,36.8
GA.15,2019-20,Housing composition by tenure type,All ages,All people,All areas,,,,Households,Home owners with a mortgage,,,95%CI,ABS Housing Occupancy and Costs,% (±),1.7,2.3,1.8,3.2,2.0,3.2,4.2,6.2,0.9
GA.15,2019-20,Housing composition by tenure type,All ages,All people,All areas,,,,Households,Home owners without a mortgage,,,,ABS Housing Occupancy and Costs,%,30.3,30.7,27.8,26.6,30.1,33.4,27.0,16.3,29.5
GA.15,2019-20,Housing composition by tenure type,All ages,All people,All areas,,,,Households,Home owners without a mortgage,,,95%CI,ABS Housing Occupancy and Costs,% (±),1.4,1.8,2.3,2.5,1.8,3.3,3.2,3.2,0.8
GA.15,2017-18,Housing composition by tenure type,All ages,All people,All areas,,,,Households,Renters,Public housing,,,ABS Housing Occupancy and Costs,%,3.7,1.7,3.3,2.4,4.9,4.2,6.8,3.6,3.1
GA.15,2017-18,Housing composition by tenure type,All ages,All people,All areas,,,,Households,Renters,Public housing,,95%CI,ABS Housing Occupancy and Costs,% (±),1.0,0.6,1.3,0.8,1.2,1.0,1.8,2.3,0.5
GA.15,2017-18,Housing composition by tenure type,All ages,All people,All areas,,,,Households,Renters,Private rental,,,ABS Housing Occupancy and Costs,%,27.8,26.6,30.0,23.8,22.4,20.1,26.1,31.6,27.1
GA.15,2017-18,Housing composition by tenure type,All ages,All people,All areas,,,,Households,Renters,Private rental,,95%CI,ABS Housing Occupancy and Costs,% (±),1.8,1.9,2.5,2.8,1.8,2.2,3.4,5.6,0.8
GA.15,2017-18,Housing composition by tenure type,All ages,All people,All areas,,,,Households,Renters,Total renters,,,ABS Housing Occupancy and Costs,%,33.6,29.4,35.9,27.8,29.5,26.3,34.1,38.6,32.0
GA.15,2017-18,Housing composition by tenure type,All ages,All people,All areas,,,,Households,Renters,Total renters,,95%CI,ABS Housing Occupancy and Costs,% (±),1.8,2.1,2.9,2.7,1.9,2.3,3.5,6.0,1.0
GA.15,2017-18,Housing composition by tenure type,All ages,All people,All areas,,,,Households,Home owners with a mortgage,,,,ABS Housing Occupancy and Costs,%,34.8,37.2,35.2,42.5,36.5,38.6,39.7,42.0,36.7
GA.15,2017-18,Housing composition by tenure type,All ages,All people,All areas,,,,Households,Home owners with a mortgage,,,95%CI,ABS Housing Occupancy and Costs,% (±),1.9,2.1,2.3,2.8,1.9,2.6,4.4,6.0,1.1
GA.15,2017-18,Housing composition by tenure type,All ages,All people,All areas,,,,Households,Home owners without a mortgage,,,,ABS Housing Occupancy and Costs,%,29.7,31.2,27.4,27.2,32.3,33.0,25.1,17.1,29.5
GA.15,2017-18,Housing composition by tenure type,All ages,All people,All areas,,,,Households,Home owners without a mortgage,,,95%CI,ABS Housing Occupancy and Costs,% (±),1.8,2.1,2.1,1.9,1.8,1.7,2.6,3.6,0.9
GA.15,2015-16,Housing composition by tenure type,All ages,All people,All areas,,,,Households,Renters,Public housing,,,ABS Housing Occupancy and Costs,%,3.9,2.2,3.2,3.1,6.2,4.4,6.1,5.4,3.5
GA.15,2015-16,Housing composition by tenure type,All ages,All people,All areas,,,,Households,Renters,Public housing,,95%CI,ABS Housing Occupancy and Costs,% (±),0.9,0.6,0.9,0.9,1.1,1.4,2.0,2.9,0.4
GA.15,2015-16,Housing composition by tenure type,All ages,All people,All areas,,,,Households,Renters,Private rental,,,ABS Housing Occupancy and Costs,%,25.5,24.2,28.1,24.0,23.7,19.5,24.2,29.9,25.3
GA.15,2015-16,Housing composition by tenure type,All ages,All people,All areas,,,,Households,Renters,Private rental,,95%CI,ABS Housing Occupancy and Costs,% (±),2.3,1.6,2.0,2.1,2.1,1.8,3.5,4.0,0.9
GA.15,2015-16,Housing composition by tenure type,All ages,All people,All areas,,,,Households,Renters,Total renters,,,ABS Housing Occupancy and Costs,%,30.6,27.7,33.3,28.6,31.4,26.0,31.7,42.0,30.3
GA.15,2015-16,Housing composition by tenure type,All ages,All people,All areas,,,,Households,Renters,Total renters,,95%CI,ABS Housing Occupancy and Costs,% (±),2.2,1.6,2.0,2.0,2.3,2.2,3.6,5.0,0.9
GA.15,2015-16,Housing composition by tenure type,All ages,All people,All areas,,,,Households,Home owners with a mortgage,,,,ABS Housing Occupancy and Costs,%,34.9,37.7,38.8,40.0,35.7,36.5,41.3,36.1,37.1
GA.15,2015-16,Housing composition by tenure type,All ages,All people,All areas,,,,Households,Home owners with a mortgage,,,95%CI,ABS Housing Occupancy and Costs,% (±),1.8,1.8,2.1,2.3,2.0,2.1,3.6,5.7,0.9
GA.15,2015-16,Housing composition by tenure type,All ages,All people,All areas,,,,Households,Home owners without a mortgage,,,,ABS Housing Occupancy and Costs,%,32.2,32.4,25.8,28.6,30.9,35.0,26.1,17.7,30.4
GA.15,2015-16,Housing composition by tenure type,All ages,All people,All areas,,,,Households,Home owners without a mortgage,,,95%CI,ABS Housing Occupancy and Costs,% (±),1.6,1.3,1.6,1.8,1.8,2.2,3.2,3.4,0.8
GA.15,2013-14,Housing composition by tenure type,All ages,All people,All areas,,,,Households,Renters,Public housing,,,ABS Housing Occupancy and Costs,%,3.7,2.6,3.4,3.1,5.9,4.1,7.1,6.4,3.6
GA.15,2013-14,Housing composition by tenure type,All ages,All people,All areas,,,,Households,Renters,Public housing,,95%CI,ABS Housing Occupancy and Costs,% (±),0.9,0.9,0.9,0.9,1.5,1.3,1.9,2.3,0.5
GA.15,2013-14,Housing composition by tenure type,All ages,All people,All areas,,,,Households,Renters,Private rental,,,ABS Housing Occupancy and Costs,%,25.5,24.7,30.0,24.5,21.9,18.9,23.5,30.3,25.7
GA.15,2013-14,Housing composition by tenure type,All ages,All people,All areas,,,,Households,Renters,Private rental,,95%CI,ABS Housing Occupancy and Costs,% (±),1.7,1.7,2.2,2.5,2.1,1.8,2.9,3.8,0.9
GA.15,2013-14,Housing composition by tenure type,All ages,All people,All areas,,,,Households,Renters,Total renters,,,ABS Housing Occupancy and Costs,%,31.4,28.2,35.6,29.4,29.2,24.5,31.5,44.2,31.0
GA.15,2013-14,Housing composition by tenure type,All ages,All people,All areas,,,,Households,Renters,Total renters,,95%CI,ABS Housing Occupancy and Costs,% (±),1.7,1.8,2.4,2.7,1.9,2.4,3.1,5.2,1.0
GA.15,2013-14,Housing composition by tenure type,All ages,All people,All areas,,,,Households,Home owners with a mortgage,,,,ABS Housing Occupancy and Costs,%,34.7,35.9,34.7,39.8,35.8,36.9,40.1,34.2,35.8
GA.15,2013-14,Housing composition by tenure type,All ages,All people,All areas,,,,Households,Home owners with a mortgage,,,95%CI,ABS Housing Occupancy and Costs,% (±),1.9,2.1,2.1,3.0,2.1,2.2,3.5,4.8,1.0
GA.15,2013-14,Housing composition by tenure type,All ages,All people,All areas,,,,Households,Home owners without a mortgage,,,,ABS Housing Occupancy and Costs,%,32.5,33.3,28.5,28.3,33.4,37.1,27.1,17.9,31.4
GA.15,2013-14,Housing composition by tenure type,All ages,All people,All areas,,,,Households,Home owners without a mortgage,,,95%CI,ABS Housing Occupancy and Costs,% (±),1.5,1.8,1.6,2.5,1.7,2.1,2.3,3.2,0.9
GA.15,2011-12,Housing composition by tenure type,All ages,All people,All areas,,,,Households,Renters,Public housing,,,ABS Housing Occupancy and Costs,%,4.7,2.8,2.7,3.8,5.7,5.6,7.5,8.1,3.9
GA.15,2011-12,Housing composition by tenure type,All ages,All people,All areas,,,,Households,Renters,Public housing,,95%CI,ABS Housing Occupancy and Costs,% (±),1.1,0.8,0.8,1.0,1.4,1.4,2.8,3.0,0.5
GA.15,2011-12,Housing composition by tenure type,All ages,All people,All areas,,,,Households,Renters,Private rental,,,ABS Housing Occupancy and Costs,%,25.7,24.2,28.5,24.8,18.0,20.9,23.2,31.5,25.1
GA.15,2011-12,Housing composition by tenure type,All ages,All people,All areas,,,,Households,Renters,Private rental,,95%CI,ABS Housing Occupancy and Costs,% (±),2.0,1.6,2.2,2.0,1.7,2.7,2.9,5.7,0.9
GA.15,2011-12,Housing composition by tenure type,All ages,All people,All areas,,,,Households,Renters,Total renters,,,ABS Housing Occupancy and Costs,%,31.7,27.5,33.1,30.2,25.5,27.3,31.8,44.1,30.3
GA.15,2011-12,Housing composition by tenure type,All ages,All people,All areas,,,,Households,Renters,Total renters,,95%CI,ABS Housing Occupancy and Costs,% (±),1.8,1.6,2.3,2.7,2.1,3.2,3.5,5.3,0.8
GA.15,2011-12,Housing composition by tenure type,All ages,All people,All areas,,,,Households,Home owners with a mortgage,,,,ABS Housing Occupancy and Costs,%,34.5,37.1,36.6,40.0,38.4,35.3,40.4,36.7,36.6
GA.15,2011-12,Housing composition by tenure type,All ages,All people,All areas,,,,Households,Home owners with a mortgage,,,95%CI,ABS Housing Occupancy and Costs,% (±),1.6,1.7,2.1,2.4,2.2,2.4,3.2,4.7,0.7
GA.15,2011-12,Housing composition by tenure type,All ages,All people,All areas,,,,Households,Home owners without a mortgage,,,,ABS Housing Occupancy and Costs,%,31.2,33.6,28.1,27.0,33.9,35.3,26.2,16.5,30.9
GA.15,2011-12,Housing composition by tenure type,All ages,All people,All areas,,,,Households,Home owners without a mortgage,,,95%CI,ABS Housing Occupancy and Costs,% (±),1.4,1.4,1.9,2.0,2.2,2.5,2.8,3.5,0.7
GA.16,2021,Households residing in community housing,All ages,All people,All areas,,,,Households,Residing in community housing,,,,ABS (unpublished) Census of Population and Housing,%,1.0,0.5,0.6,0.8,1.4,1.3,0.6,3.0,0.8
GA.16,2016,Households residing in community housing,All ages,All people,All areas,,,,Households,Residing in community housing,,,,ABS (unpublished) Census of Population and Housing,%,0.7,0.5,0.5,0.5,1.1,1.0,0.5,2.1,0.6
GA.16,2011,Households residing in community housing,All ages,All people,All areas,,,,Households,Residing in community housing,,,,ABS (unpublished) Census of Population and Housing,%,0.7,0.5,0.6,0.7,1.1,0.8,0.5,2.9,0.7
