OPGP HOMELESSNESS OPERATIONAL GROUPS,SA4,NEGATIVE INCOME,NIL INCOME,"$1-$149 ($1-$7,799)","$150-$299 ($7,800-$15,599)","$300-$399 ($15,600-$20,799)","$400-$499 ($20,800-$25,999)","$500-$649 ($26,000-$33,799)","$650-$799 ($33,800-$41,599)","$800-$999 ($41,600-$51,999)","$1,000-$1,249 ($52,000-$64,999)","$1,250-$1,499 ($65,000-$77,999)","$1,500-$1,749 ($78,000-$90,999)","$1,750-$1,999 ($91,000-$103,999)","$2,000-$2,499 ($104,000-$129,999)","$2,500-$2,999 ($130,000-$155,999)","$3,000-$3,499 ($156,000-$181,999)","$3,500-$3,999 ($182,000-$207,999)","$4,000-$4,499 ($208,000-$233,999)","$4,500-$4,999 ($234,000-$259,999)","$5,000-$5,999 ($260,000-$311,999)","$6,000-$7,999 ($312,000-$415,999)","$8,000 OR MORE ($416,000 OR MORE)",PARTIAL INCOME STATED,ALL INCOMES NOT STATED,NOT APPLICABLE,TOTAL,CENSUS_YEAR
"Persons living in improvised dwellings, tents, or sleeping out",Bunbury,0.0,3.0,0.0,70.0,65.0,4.0,7.0,3.0,5.0,4.0,0.0,0.0,0.0,0.0,0.0,0.0,0.0,0.0,0.0,0.0,0.0,0.0,0.0,0.0,0.0,175.0,2021
"Persons living in improvised dwellings, tents, or sleeping out",Mandurah,0.0,0.0,5.0,25.0,0.0,6.0,0.0,0.0,5.0,0.0,0.0,8.0,0.0,0.0,0.0,0.0,0.0,0.0,0.0,0.0,0.0,0.0,0.0,18.0,0.0,62.0,2021
"Persons living in improvised dwellings, tents, or sleeping out",Perth - Inner,0.0,10.0,5.0,53.0,98.0,32.0,4.0,0.0,0.0,0.0,0.0,0.0,0.0,0.0,0.0,0.0,0.0,0.0,0.0,0.0,0.0,0.0,0.0,222.0,0.0,428.0,2021
"Persons living in improvised dwellings, tents, or sleeping out",Perth - North East,0.0,4.0,15.0,50.0,46.0,18.0,0.0,11.0,0.0,0.0,0.0,4.0,0.0,0.0,0.0,0.0,0.0,0.0,0.0,0.0,0.0,0.0,0.0,287.0,3.0,442.0,2021
"Persons living in improvised dwellings, tents, or sleeping out",Perth - North West,0.0,5.0,0.0,46.0,33.0,8.0,5.0,0.0,0.0,0.0,3.0,0.0,0.0,0.0,0.0,0.0,0.0,0.0,0.0,0.0,0.0,0.0,0.0,79.0,0.0,183.0,2021
"Persons living in improvised dwellings, tents, or sleeping out",Perth - South East,0.0,0.0,7.0,23.0,19.0,12.0,3.0,6.0,0.0,0.0,5.0,0.0,0.0,0.0,0.0,0.0,0.0,0.0,0.0,0.0,0.0,0.0,0.0,103.0,0.0,181.0,2021
"Persons living in improvised dwellings, tents, or sleeping out",Perth - South West,0.0,13.0,0.0,58.0,35.0,13.0,3.0,9.0,0.0,0.0,0.0,0.0,0.0,0.0,0.0,0.0,0.0,0.0,0.0,0.0,0.0,0.0,0.0,88.0,0.0,229.0,2021
"Persons living in improvised dwellings, tents, or sleeping out",Western Australia - Wheat Belt,0.0,7.0,16.0,60.0,25.0,16.0,11.0,3.0,0.0,3.0,0.0,0.0,0.0,0.0,0.0,0.0,0.0,0.0,0.0,0.0,0.0,0.0,5.0,45.0,0.0,203.0,2021
"Persons living in improvised dwellings, tents, or sleeping out",Western Australia - Outback (North),0.0,9.0,3.0,28.0,19.0,8.0,10.0,17.0,6.0,7.0,15.0,0.0,7.0,4.0,0.0,13.0,11.0,0.0,0.0,0.0,0.0,0.0,23.0,38.0,0.0,222.0,2021
"Persons living in improvised dwellings, tents, or sleeping out",Western Australia - Outback (South),0.0,6.0,7.0,82.0,14.0,10.0,9.0,9.0,0.0,9.0,5.0,3.0,0.0,5.0,0.0,0.0,0.0,0.0,0.0,0.0,0.0,0.0,0.0,36.0,0.0,198.0,2021
"Persons living in improvised dwellings, tents, or sleeping out",Migratory - Offshore - Shipping (WA),0.0,0.0,0.0,0.0,0.0,0.0,0.0,0.0,0.0,0.0,0.0,0.0,0.0,0.0,0.0,0.0,0.0,0.0,0.0,0.0,0.0,0.0,0.0,0.0,0.0,0.0,2021
Persons in supported accommodation for the homeless,Bunbury,0.0,0.0,0.0,3.0,0.0,6.0,6.0,0.0,4.0,0.0,0.0,0.0,0.0,0.0,0.0,0.0,0.0,0.0,0.0,0.0,0.0,0.0,0.0,0.0,46.0,62.0,2021
Persons in supported accommodation for the homeless,Mandurah,0.0,0.0,0.0,0.0,0.0,0.0,0.0,0.0,0.0,0.0,0.0,0.0,0.0,0.0,0.0,0.0,0.0,0.0,0.0,0.0,0.0,0.0,0.0,0.0,76.0,79.0,2021
Persons in supported accommodation for the homeless,Perth - Inner,0.0,0.0,0.0,0.0,0.0,0.0,0.0,0.0,0.0,7.0,0.0,0.0,0.0,0.0,0.0,0.0,0.0,0.0,0.0,0.0,0.0,0.0,0.0,0.0,396.0,408.0,2021
Persons in supported accommodation for the homeless,Perth - North East,0.0,0.0,0.0,0.0,0.0,0.0,3.0,0.0,0.0,0.0,0.0,0.0,0.0,0.0,0.0,0.0,0.0,0.0,0.0,0.0,0.0,0.0,0.0,0.0,268.0,268.0,2021
Persons in supported accommodation for the homeless,Perth - North West,0.0,0.0,0.0,0.0,0.0,4.0,0.0,0.0,0.0,6.0,0.0,0.0,0.0,0.0,0.0,0.0,4.0,0.0,0.0,0.0,0.0,0.0,0.0,0.0,71.0,88.0,2021
Persons in supported accommodation for the homeless,Perth - South East,0.0,4.0,0.0,0.0,0.0,0.0,0.0,0.0,0.0,4.0,7.0,0.0,3.0,3.0,4.0,0.0,0.0,0.0,0.0,0.0,0.0,0.0,0.0,0.0,156.0,187.0,2021
Persons in supported accommodation for the homeless,Perth - South West,0.0,0.0,0.0,0.0,0.0,0.0,0.0,0.0,0.0,0.0,4.0,0.0,0.0,0.0,0.0,0.0,0.0,0.0,0.0,0.0,0.0,0.0,0.0,0.0,108.0,114.0,2021
Persons in supported accommodation for the homeless,Western Australia - Wheat Belt,0.0,0.0,0.0,0.0,0.0,0.0,0.0,4.0,0.0,0.0,0.0,7.0,0.0,0.0,0.0,0.0,0.0,0.0,0.0,0.0,0.0,0.0,5.0,0.0,46.0,59.0,2021
Persons in supported accommodation for the homeless,Western Australia - Outback (North),0.0,0.0,3.0,0.0,0.0,0.0,0.0,0.0,0.0,0.0,0.0,0.0,0.0,0.0,0.0,0.0,0.0,3.0,0.0,0.0,0.0,0.0,0.0,0.0,155.0,174.0,2021
Persons in supported accommodation for the homeless,Western Australia - Outback (South),0.0,0.0,0.0,4.0,0.0,0.0,0.0,0.0,0.0,0.0,0.0,0.0,0.0,0.0,0.0,0.0,0.0,0.0,0.0,0.0,0.0,0.0,0.0,0.0,160.0,160.0,2021
Persons in supported accommodation for the homeless,Migratory - Offshore - Shipping (WA),0.0,0.0,0.0,0.0,0.0,0.0,0.0,0.0,0.0,0.0,0.0,0.0,0.0,0.0,0.0,0.0,0.0,0.0,0.0,0.0,0.0,0.0,0.0,0.0,0.0,0.0,2021
Persons staying temporarily with other households,Bunbury,0.0,6.0,0.0,11.0,11.0,30.0,13.0,14.0,21.0,6.0,0.0,11.0,10.0,24.0,10.0,8.0,0.0,0.0,3.0,0.0,0.0,0.0,24.0,5.0,0.0,211.0,2021
Persons staying temporarily with other households,Mandurah,0.0,0.0,0.0,6.0,10.0,3.0,14.0,12.0,12.0,3.0,5.0,6.0,0.0,6.0,4.0,3.0,0.0,0.0,0.0,0.0,0.0,0.0,11.0,3.0,0.0,105.0,2021
Persons staying temporarily with other households,Perth - Inner,0.0,0.0,0.0,8.0,7.0,3.0,3.0,0.0,10.0,7.0,6.0,4.0,0.0,0.0,4.0,3.0,0.0,0.0,4.0,0.0,6.0,0.0,0.0,0.0,0.0,76.0,2021
Persons staying temporarily with other households,Perth - North East,0.0,3.0,0.0,13.0,12.0,10.0,15.0,8.0,8.0,5.0,10.0,9.0,0.0,17.0,0.0,4.0,5.0,0.0,5.0,0.0,0.0,0.0,16.0,48.0,4.0,204.0,2021
Persons staying temporarily with other households,Perth - North West,0.0,0.0,9.0,4.0,24.0,24.0,20.0,20.0,22.0,27.0,16.0,15.0,11.0,18.0,14.0,10.0,4.0,0.0,0.0,14.0,6.0,0.0,23.0,24.0,0.0,311.0,2021
Persons staying temporarily with other households,Perth - South East,0.0,8.0,0.0,8.0,29.0,30.0,20.0,22.0,22.0,15.0,14.0,16.0,20.0,29.0,6.0,13.0,12.0,6.0,0.0,0.0,3.0,3.0,25.0,16.0,0.0,316.0,2021
Persons staying temporarily with other households,Perth - South West,0.0,0.0,7.0,5.0,20.0,37.0,16.0,22.0,19.0,24.0,11.0,17.0,14.0,14.0,4.0,9.0,6.0,8.0,14.0,4.0,6.0,0.0,29.0,8.0,0.0,297.0,2021
Persons staying temporarily with other households,Western Australia - Wheat Belt,0.0,4.0,0.0,9.0,4.0,20.0,13.0,19.0,17.0,14.0,7.0,10.0,6.0,9.0,3.0,6.0,4.0,0.0,7.0,0.0,0.0,0.0,16.0,7.0,0.0,170.0,2021
Persons staying temporarily with other households,Western Australia - Outback (North),0.0,8.0,0.0,4.0,5.0,13.0,6.0,19.0,19.0,8.0,24.0,6.0,9.0,22.0,6.0,9.0,9.0,6.0,16.0,12.0,0.0,0.0,14.0,3.0,3.0,217.0,2021
Persons staying temporarily with other households,Western Australia - Outback (South),3.0,8.0,13.0,12.0,17.0,13.0,14.0,21.0,26.0,12.0,12.0,12.0,6.0,19.0,10.0,3.0,7.0,0.0,3.0,0.0,0.0,0.0,32.0,12.0,9.0,251.0,2021
Persons staying temporarily with other households,Migratory - Offshore - Shipping (WA),0.0,0.0,0.0,0.0,0.0,0.0,0.0,0.0,0.0,0.0,0.0,0.0,0.0,0.0,0.0,0.0,0.0,0.0,0.0,0.0,0.0,0.0,0.0,0.0,0.0,0.0,2021
Persons living in boarding houses,Bunbury,0.0,0.0,0.0,0.0,0.0,0.0,0.0,0.0,0.0,4.0,0.0,0.0,0.0,0.0,5.0,7.0,0.0,0.0,0.0,0.0,0.0,0.0,13.0,0.0,34.0,63.0,2021
Persons living in boarding houses,Mandurah,0.0,0.0,0.0,0.0,0.0,0.0,0.0,0.0,0.0,0.0,0.0,0.0,0.0,0.0,0.0,0.0,0.0,0.0,0.0,0.0,0.0,0.0,0.0,0.0,0.0,0.0,2021
Persons living in boarding houses,Perth - Inner,0.0,0.0,0.0,0.0,0.0,0.0,0.0,0.0,0.0,0.0,0.0,0.0,0.0,0.0,0.0,0.0,7.0,0.0,0.0,0.0,0.0,0.0,0.0,0.0,83.0,84.0,2021
Persons living in boarding houses,Perth - North East,0.0,0.0,0.0,0.0,0.0,0.0,0.0,0.0,0.0,0.0,0.0,0.0,0.0,3.0,0.0,0.0,0.0,0.0,0.0,0.0,0.0,0.0,14.0,6.0,0.0,26.0,2021
Persons living in boarding houses,Perth - North West,0.0,3.0,0.0,0.0,0.0,0.0,0.0,0.0,0.0,3.0,0.0,0.0,0.0,0.0,0.0,0.0,0.0,0.0,0.0,0.0,0.0,0.0,5.0,7.0,0.0,21.0,2021
Persons living in boarding houses,Perth - South East,0.0,0.0,0.0,0.0,0.0,0.0,0.0,0.0,0.0,0.0,0.0,0.0,7.0,8.0,0.0,6.0,0.0,0.0,11.0,4.0,0.0,0.0,46.0,26.0,68.0,180.0,2021
Persons living in boarding houses,Perth - South West,0.0,0.0,0.0,0.0,0.0,0.0,0.0,0.0,0.0,0.0,0.0,0.0,0.0,12.0,10.0,3.0,0.0,0.0,0.0,5.0,0.0,0.0,10.0,0.0,87.0,133.0,2021
Persons living in boarding houses,Western Australia - Wheat Belt,0.0,0.0,0.0,0.0,0.0,0.0,0.0,0.0,0.0,0.0,0.0,0.0,0.0,0.0,0.0,0.0,0.0,0.0,0.0,0.0,0.0,0.0,0.0,0.0,37.0,37.0,2021
Persons living in boarding houses,Western Australia - Outback (North),0.0,0.0,0.0,0.0,0.0,0.0,0.0,0.0,0.0,0.0,0.0,0.0,0.0,0.0,0.0,0.0,0.0,0.0,0.0,0.0,0.0,0.0,0.0,0.0,19.0,19.0,2021
Persons living in boarding houses,Western Australia - Outback (South),0.0,0.0,0.0,0.0,0.0,0.0,0.0,0.0,0.0,0.0,0.0,0.0,0.0,0.0,0.0,0.0,0.0,0.0,0.0,0.0,0.0,0.0,0.0,0.0,73.0,73.0,2021
Persons living in boarding houses,Migratory - Offshore - Shipping (WA),0.0,0.0,0.0,0.0,0.0,0.0,0.0,0.0,0.0,0.0,0.0,0.0,0.0,0.0,0.0,0.0,0.0,0.0,0.0,0.0,0.0,0.0,0.0,0.0,0.0,0.0,2021
Persons in other temporary lodgings,Bunbury,0.0,0.0,0.0,0.0,0.0,0.0,0.0,0.0,0.0,0.0,0.0,0.0,0.0,0.0,0.0,0.0,0.0,0.0,0.0,0.0,0.0,0.0,0.0,0.0,7.0,7.0,2021
Persons in other temporary lodgings,Mandurah,0.0,0.0,0.0,0.0,0.0,0.0,0.0,0.0,0.0,0.0,0.0,0.0,0.0,0.0,0.0,0.0,0.0,0.0,0.0,0.0,0.0,0.0,0.0,0.0,5.0,5.0,2021
Persons in other temporary lodgings,Perth - Inner,0.0,0.0,0.0,0.0,0.0,0.0,0.0,0.0,0.0,0.0,0.0,0.0,0.0,0.0,0.0,0.0,0.0,0.0,0.0,0.0,0.0,0.0,0.0,0.0,47.0,47.0,2021
Persons in other temporary lodgings,Perth - North East,0.0,0.0,0.0,0.0,0.0,0.0,0.0,0.0,0.0,0.0,0.0,0.0,0.0,0.0,0.0,0.0,0.0,0.0,0.0,0.0,0.0,0.0,0.0,0.0,0.0,0.0,2021
Persons in other temporary lodgings,Perth - North West,0.0,0.0,0.0,0.0,0.0,0.0,0.0,0.0,0.0,0.0,0.0,0.0,0.0,0.0,0.0,0.0,0.0,0.0,0.0,0.0,0.0,0.0,0.0,0.0,12.0,12.0,2021
Persons in other temporary lodgings,Perth - South East,0.0,0.0,0.0,0.0,0.0,0.0,0.0,0.0,0.0,0.0,0.0,0.0,0.0,0.0,0.0,0.0,0.0,0.0,0.0,0.0,0.0,0.0,0.0,0.0,15.0,15.0,2021
Persons in other temporary lodgings,Perth - South West,0.0,0.0,0.0,0.0,0.0,0.0,0.0,0.0,0.0,0.0,0.0,0.0,0.0,0.0,0.0,0.0,0.0,0.0,0.0,0.0,0.0,0.0,0.0,0.0,0.0,0.0,2021
Persons in other temporary lodgings,Western Australia - Wheat Belt,0.0,0.0,0.0,0.0,0.0,0.0,0.0,0.0,0.0,0.0,0.0,0.0,0.0,0.0,0.0,0.0,0.0,0.0,0.0,0.0,0.0,0.0,0.0,0.0,5.0,5.0,2021
Persons in other temporary lodgings,Western Australia - Outback (North),0.0,0.0,0.0,0.0,0.0,0.0,0.0,0.0,0.0,0.0,0.0,0.0,0.0,0.0,0.0,0.0,0.0,0.0,0.0,0.0,0.0,0.0,0.0,0.0,13.0,13.0,2021
Persons in other temporary lodgings,Western Australia - Outback (South),0.0,0.0,0.0,0.0,0.0,0.0,0.0,0.0,0.0,0.0,0.0,0.0,0.0,0.0,0.0,0.0,0.0,0.0,0.0,0.0,0.0,0.0,0.0,0.0,12.0,12.0,2021
Persons in other temporary lodgings,Migratory - Offshore - Shipping (WA),0.0,0.0,0.0,0.0,0.0,0.0,0.0,0.0,0.0,0.0,0.0,0.0,0.0,0.0,0.0,0.0,0.0,0.0,0.0,0.0,0.0,0.0,0.0,0.0,0.0,0.0,2021
Persons living in 'severely' crowded dwellings,Bunbury,0.0,0.0,0.0,0.0,0.0,0.0,0.0,10.0,0.0,5.0,0.0,0.0,11.0,12.0,9.0,0.0,12.0,13.0,3.0,26.0,7.0,41.0,6.0,0.0,0.0,163.0,2021
Persons living in 'severely' crowded dwellings,Mandurah,0.0,0.0,0.0,0.0,0.0,0.0,0.0,0.0,0.0,0.0,0.0,0.0,0.0,0.0,0.0,4.0,0.0,0.0,10.0,0.0,0.0,0.0,0.0,0.0,0.0,19.0,2021
Persons living in 'severely' crowded dwellings,Perth - Inner,0.0,0.0,0.0,0.0,0.0,0.0,0.0,0.0,0.0,5.0,0.0,0.0,7.0,0.0,0.0,0.0,0.0,0.0,0.0,0.0,0.0,14.0,0.0,0.0,0.0,28.0,2021
Persons living in 'severely' crowded dwellings,Perth - North East,8.0,0.0,0.0,0.0,0.0,0.0,0.0,0.0,0.0,17.0,13.0,8.0,0.0,31.0,13.0,0.0,18.0,21.0,0.0,18.0,56.0,0.0,51.0,0.0,0.0,253.0,2021
Persons living in 'severely' crowded dwellings,Perth - North West,0.0,4.0,0.0,4.0,0.0,0.0,0.0,3.0,8.0,0.0,0.0,5.0,0.0,67.0,57.0,54.0,31.0,17.0,43.0,55.0,63.0,21.0,18.0,0.0,0.0,458.0,2021
Persons living in 'severely' crowded dwellings,Perth - South East,0.0,0.0,0.0,0.0,0.0,0.0,5.0,0.0,0.0,12.0,14.0,15.0,20.0,15.0,35.0,19.0,17.0,61.0,18.0,61.0,0.0,20.0,78.0,3.0,0.0,395.0,2021
Persons living in 'severely' crowded dwellings,Perth - South West,0.0,0.0,0.0,0.0,0.0,0.0,0.0,0.0,0.0,0.0,21.0,0.0,5.0,0.0,21.0,19.0,7.0,3.0,14.0,24.0,0.0,10.0,32.0,0.0,0.0,154.0,2021
Persons living in 'severely' crowded dwellings,Western Australia - Wheat Belt,0.0,0.0,0.0,0.0,0.0,0.0,0.0,0.0,0.0,0.0,0.0,8.0,0.0,16.0,0.0,10.0,11.0,0.0,0.0,0.0,0.0,0.0,35.0,0.0,0.0,81.0,2021
Persons living in 'severely' crowded dwellings,Western Australia - Outback (North),0.0,0.0,0.0,4.0,0.0,0.0,4.0,0.0,36.0,32.0,47.0,129.0,79.0,115.0,92.0,32.0,6.0,0.0,11.0,14.0,16.0,44.0,259.0,52.0,0.0,973.0,2021
Persons living in 'severely' crowded dwellings,Western Australia - Outback (South),0.0,0.0,0.0,0.0,0.0,0.0,0.0,0.0,0.0,26.0,32.0,36.0,9.0,25.0,48.0,32.0,20.0,0.0,0.0,10.0,32.0,12.0,97.0,33.0,0.0,411.0,2021
Persons living in 'severely' crowded dwellings,Migratory - Offshore - Shipping (WA),0.0,0.0,0.0,0.0,0.0,0.0,0.0,0.0,0.0,0.0,0.0,0.0,0.0,0.0,0.0,0.0,0.0,0.0,0.0,0.0,0.0,0.0,0.0,0.0,0.0,0.0,2021
Persons living in other crowded dwellings,Bunbury,0.0,7.0,0.0,0.0,0.0,0.0,6.0,9.0,11.0,16.0,0.0,16.0,0.0,26.0,28.0,8.0,12.0,0.0,10.0,15.0,38.0,0.0,31.0,0.0,0.0,227.0,2021
Persons living in other crowded dwellings,Mandurah,0.0,0.0,6.0,0.0,0.0,0.0,0.0,6.0,6.0,6.0,7.0,19.0,0.0,9.0,11.0,9.0,10.0,0.0,0.0,0.0,0.0,0.0,12.0,10.0,0.0,103.0,2021
Persons living in other crowded dwellings,Perth - Inner,0.0,0.0,0.0,0.0,0.0,0.0,0.0,0.0,6.0,3.0,0.0,0.0,3.0,14.0,4.0,0.0,0.0,0.0,0.0,16.0,17.0,0.0,27.0,0.0,0.0,98.0,2021
Persons living in other crowded dwellings,Perth - North East,0.0,0.0,0.0,0.0,0.0,0.0,9.0,4.0,9.0,7.0,24.0,31.0,29.0,25.0,99.0,62.0,59.0,45.0,19.0,3.0,43.0,30.0,54.0,15.0,0.0,573.0,2021
Persons living in other crowded dwellings,Perth - North West,6.0,0.0,0.0,0.0,0.0,8.0,17.0,0.0,7.0,28.0,9.0,62.0,10.0,88.0,83.0,92.0,17.0,38.0,21.0,88.0,60.0,40.0,123.0,7.0,0.0,809.0,2021
Persons living in other crowded dwellings,Perth - South East,0.0,7.0,0.0,8.0,0.0,25.0,26.0,45.0,12.0,58.0,35.0,39.0,74.0,91.0,159.0,80.0,92.0,85.0,43.0,87.0,95.0,32.0,148.0,22.0,0.0,1271.0,2021
Persons living in other crowded dwellings,Perth - South West,6.0,6.0,0.0,7.0,0.0,6.0,9.0,8.0,6.0,18.0,20.0,36.0,25.0,78.0,14.0,36.0,11.0,17.0,15.0,45.0,23.0,16.0,93.0,0.0,0.0,500.0,2021
Persons living in other crowded dwellings,Western Australia - Wheat Belt,0.0,0.0,0.0,0.0,0.0,0.0,4.0,0.0,4.0,9.0,16.0,0.0,8.0,22.0,27.0,15.0,18.0,0.0,14.0,20.0,0.0,0.0,44.0,5.0,0.0,216.0,2021
Persons living in other crowded dwellings,Western Australia - Outback (North),0.0,0.0,0.0,21.0,14.0,27.0,3.0,19.0,93.0,164.0,143.0,80.0,88.0,102.0,69.0,34.0,6.0,9.0,32.0,12.0,4.0,11.0,167.0,21.0,0.0,1122.0,2021
Persons living in other crowded dwellings,Western Australia - Outback (South),0.0,3.0,0.0,3.0,10.0,0.0,23.0,31.0,22.0,21.0,7.0,49.0,25.0,38.0,19.0,39.0,12.0,6.0,15.0,9.0,9.0,18.0,64.0,10.0,0.0,420.0,2021
Persons living in other crowded dwellings,Migratory - Offshore - Shipping (WA),0.0,0.0,0.0,0.0,0.0,0.0,0.0,0.0,0.0,0.0,0.0,0.0,0.0,0.0,0.0,0.0,0.0,0.0,0.0,0.0,0.0,0.0,0.0,0.0,0.0,0.0,2021
Persons in other improvised dwellings,Bunbury,3.0,0.0,0.0,0.0,4.0,5.0,0.0,3.0,3.0,4.0,4.0,6.0,0.0,10.0,8.0,3.0,0.0,3.0,0.0,0.0,0.0,0.0,9.0,0.0,0.0,75.0,2021
Persons in other improvised dwellings,Mandurah,0.0,0.0,0.0,0.0,3.0,0.0,0.0,4.0,0.0,0.0,0.0,0.0,0.0,7.0,3.0,3.0,3.0,0.0,0.0,3.0,0.0,0.0,0.0,0.0,0.0,29.0,2021
Persons in other improvised dwellings,Perth - Inner,0.0,0.0,0.0,0.0,0.0,0.0,0.0,0.0,0.0,0.0,0.0,0.0,0.0,0.0,0.0,0.0,0.0,0.0,0.0,0.0,0.0,0.0,0.0,0.0,0.0,0.0,2021
Persons in other improvised dwellings,Perth - North East,0.0,0.0,0.0,0.0,0.0,0.0,0.0,0.0,0.0,7.0,0.0,0.0,0.0,5.0,3.0,0.0,0.0,0.0,0.0,0.0,0.0,0.0,0.0,0.0,0.0,12.0,2021
Persons in other improvised dwellings,Perth - North West,0.0,0.0,0.0,4.0,5.0,3.0,3.0,9.0,4.0,3.0,10.0,4.0,0.0,4.0,0.0,0.0,0.0,0.0,4.0,0.0,0.0,0.0,4.0,0.0,0.0,51.0,2021
Persons in other improvised dwellings,Perth - South East,0.0,0.0,0.0,0.0,0.0,0.0,0.0,0.0,0.0,4.0,5.0,0.0,0.0,0.0,10.0,0.0,0.0,0.0,0.0,0.0,0.0,0.0,14.0,0.0,0.0,34.0,2021
Persons in other improvised dwellings,Perth - South West,0.0,0.0,0.0,0.0,0.0,0.0,0.0,0.0,0.0,0.0,0.0,0.0,0.0,3.0,0.0,0.0,0.0,0.0,0.0,0.0,0.0,0.0,0.0,0.0,0.0,8.0,2021
Persons in other improvised dwellings,Western Australia - Wheat Belt,6.0,0.0,0.0,0.0,0.0,4.0,4.0,0.0,3.0,0.0,5.0,9.0,5.0,5.0,9.0,9.0,0.0,3.0,0.0,0.0,0.0,0.0,5.0,0.0,0.0,71.0,2021
Persons in other improvised dwellings,Western Australia - Outback (North),0.0,0.0,0.0,0.0,0.0,0.0,3.0,0.0,4.0,3.0,14.0,6.0,0.0,0.0,9.0,7.0,0.0,0.0,0.0,8.0,0.0,0.0,4.0,3.0,0.0,67.0,2021
Persons in other improvised dwellings,Western Australia - Outback (South),0.0,0.0,0.0,4.0,0.0,0.0,5.0,9.0,9.0,0.0,5.0,0.0,10.0,8.0,5.0,0.0,4.0,0.0,7.0,0.0,0.0,3.0,7.0,3.0,0.0,79.0,2021
Persons in other improvised dwellings,Migratory - Offshore - Shipping (WA),0.0,0.0,0.0,0.0,0.0,0.0,0.0,0.0,0.0,0.0,0.0,0.0,0.0,0.0,0.0,0.0,0.0,0.0,0.0,0.0,0.0,0.0,0.0,0.0,0.0,0.0,2021
Persons who are marginally housed in caravan parks,Bunbury,4.0,3.0,6.0,5.0,31.0,19.0,25.0,26.0,14.0,6.0,3.0,10.0,0.0,3.0,0.0,0.0,0.0,0.0,0.0,0.0,0.0,0.0,11.0,17.0,0.0,180.0,2021
Persons who are marginally housed in caravan parks,Mandurah,0.0,0.0,0.0,4.0,11.0,10.0,16.0,5.0,8.0,4.0,4.0,5.0,5.0,0.0,0.0,0.0,0.0,0.0,0.0,0.0,0.0,0.0,3.0,11.0,0.0,86.0,2021
Persons who are marginally housed in caravan parks,Perth - Inner,0.0,0.0,0.0,0.0,0.0,0.0,0.0,0.0,0.0,0.0,0.0,0.0,0.0,0.0,0.0,0.0,0.0,0.0,0.0,0.0,0.0,0.0,0.0,0.0,0.0,0.0,2021
Persons who are marginally housed in caravan parks,Perth - North East,0.0,0.0,0.0,0.0,4.0,3.0,5.0,4.0,0.0,5.0,0.0,0.0,0.0,0.0,0.0,0.0,0.0,0.0,0.0,0.0,0.0,0.0,3.0,10.0,0.0,41.0,2021
Persons who are marginally housed in caravan parks,Perth - North West,0.0,0.0,0.0,0.0,4.0,13.0,9.0,6.0,3.0,5.0,3.0,0.0,0.0,0.0,0.0,0.0,0.0,0.0,0.0,0.0,0.0,0.0,0.0,8.0,0.0,56.0,2021
Persons who are marginally housed in caravan parks,Perth - South East,4.0,3.0,0.0,5.0,24.0,16.0,20.0,8.0,9.0,4.0,3.0,0.0,0.0,0.0,0.0,0.0,0.0,0.0,0.0,0.0,0.0,0.0,0.0,21.0,0.0,130.0,2021
Persons who are marginally housed in caravan parks,Perth - South West,4.0,4.0,4.0,3.0,7.0,15.0,16.0,14.0,15.0,10.0,3.0,0.0,0.0,0.0,0.0,0.0,0.0,0.0,0.0,0.0,0.0,0.0,8.0,10.0,0.0,116.0,2021
Persons who are marginally housed in caravan parks,Western Australia - Wheat Belt,0.0,5.0,0.0,6.0,17.0,10.0,11.0,10.0,8.0,3.0,4.0,0.0,0.0,4.0,0.0,0.0,0.0,0.0,0.0,0.0,0.0,0.0,0.0,10.0,0.0,102.0,2021
Persons who are marginally housed in caravan parks,Western Australia - Outback (North),0.0,10.0,3.0,3.0,3.0,4.0,14.0,14.0,12.0,5.0,6.0,6.0,3.0,16.0,0.0,0.0,0.0,0.0,0.0,0.0,0.0,0.0,4.0,44.0,7.0,162.0,2021
Persons who are marginally housed in caravan parks,Western Australia - Outback (South),3.0,5.0,7.0,6.0,12.0,12.0,19.0,17.0,13.0,16.0,12.0,3.0,5.0,6.0,0.0,0.0,0.0,0.0,0.0,0.0,0.0,0.0,13.0,20.0,4.0,162.0,2021
Persons who are marginally housed in caravan parks,Migratory - Offshore - Shipping (WA),0.0,0.0,0.0,0.0,0.0,0.0,0.0,0.0,0.0,0.0,0.0,0.0,0.0,0.0,0.0,0.0,0.0,0.0,0.0,0.0,0.0,0.0,0.0,0.0,0.0,0.0,2021
Not applicable,Bunbury,428.0,1388.0,850.0,1377.0,2226.0,6234.0,5202.0,9729.0,8964.0,10911.0,11627.0,9160.0,9680.0,20637.0,15427.0,12898.0,7650.0,3845.0,6218.0,4320.0,2809.0,1112.0,15261.0,2544.0,12477.0,182981.0,2021
Not applicable,Mandurah,361.0,1039.0,493.0,873.0,1539.0,4120.0,3889.0,6937.0,6153.0,6455.0,6379.0,4594.0,4859.0,10243.0,7244.0,6592.0,3917.0,2082.0,3684.0,2643.0,1699.0,561.0,9591.0,1585.0,4320.0,101859.0,2021
Not applicable,Perth - Inner,325.0,1808.0,766.0,1224.0,1850.0,3475.0,3378.0,4092.0,4921.0,6677.0,7464.0,6437.0,6761.0,15129.0,10186.0,11204.0,8094.0,4882.0,16861.0,13787.0,16097.0,8579.0,9081.0,1258.0,17642.0,181982.0,2021
Not applicable,Perth - North East,621.0,2060.0,986.0,1712.0,2752.0,6746.0,5900.0,10574.0,10927.0,14444.0,16706.0,14143.0,14767.0,33428.0,25525.0,21691.0,14004.0,7916.0,11255.0,9305.0,6215.0,1727.0,20189.0,2945.0,11964.0,268500.0,2021
Not applicable,Perth - North West,1241.0,4362.0,1998.0,3556.0,5544.0,13950.0,12211.0,20396.0,22127.0,27647.0,31773.0,27589.0,28075.0,64100.0,50582.0,47116.0,31881.0,18692.0,31217.0,27028.0,19288.0,5788.0,40118.0,5775.0,18866.0,560925.0,2021
Not applicable,Perth - South East,1209.0,4610.0,1952.0,3479.0,5587.0,12917.0,11862.0,19795.0,21110.0,27897.0,32083.0,28013.0,28617.0,63226.0,46892.0,41274.0,25977.0,14989.0,23006.0,19038.0,13477.0,4058.0,36257.0,5132.0,24715.0,517185.0,2021
Not applicable,Perth - South West,874.0,3328.0,1685.0,2835.0,4470.0,10971.0,9856.0,16123.0,16758.0,20471.0,22782.0,20751.0,21410.0,49139.0,37715.0,35998.0,23697.0,13572.0,23598.0,19615.0,14362.0,4676.0,32479.0,4212.0,19727.0,431111.0,2021
Not applicable,Western Australia - Wheat Belt,460.0,1063.0,712.0,1174.0,1767.0,5259.0,4064.0,7713.0,7124.0,8331.0,9003.0,6857.0,7115.0,13947.0,9719.0,7585.0,4212.0,2115.0,3544.0,2416.0,1565.0,1086.0,10388.0,2591.0,15479.0,135286.0,2021
Not applicable,Western Australia - Outback (North),196.0,661.0,388.0,718.0,1004.0,1779.0,1481.0,2808.0,3021.0,3883.0,3935.0,3127.0,3726.0,8798.0,6377.0,7650.0,4993.0,2724.0,6240.0,4612.0,3705.0,1239.0,6430.0,3164.0,47212.0,129851.0,2021
Not applicable,Western Australia - Outback (South),428.0,997.0,539.0,1057.0,1541.0,3713.0,2921.0,5571.0,5286.0,6120.0,6480.0,5400.0,5819.0,13061.0,9216.0,8867.0,5220.0,2947.0,4833.0,3328.0,2443.0,1173.0,9183.0,3494.0,30284.0,139904.0,2021
Not applicable,Migratory - Offshore - Shipping (WA),0.0,4.0,0.0,0.0,0.0,0.0,0.0,0.0,0.0,0.0,8.0,0.0,0.0,3.0,0.0,4.0,0.0,0.0,17.0,0.0,0.0,0.0,0.0,0.0,3218.0,3250.0,2021
Total,Bunbury,430.0,1405.0,861.0,1464.0,2341.0,6297.0,5250.0,9792.0,9024.0,10956.0,11635.0,9207.0,9701.0,20709.0,15498.0,12919.0,7676.0,3869.0,6233.0,4366.0,2860.0,1150.0,15362.0,2575.0,12570.0,184143.0,2021
Total,Mandurah,362.0,1039.0,502.0,911.0,1562.0,4135.0,3920.0,6962.0,6179.0,6468.0,6396.0,4625.0,4866.0,10263.0,7263.0,6605.0,3935.0,2082.0,3704.0,2647.0,1699.0,561.0,9615.0,1626.0,4406.0,102337.0,2021
Total,Perth - Inner,325.0,1817.0,780.0,1284.0,1952.0,3505.0,3382.0,4099.0,4935.0,6705.0,7476.0,6442.0,6775.0,15144.0,10199.0,11205.0,8102.0,4882.0,16866.0,13805.0,16118.0,8594.0,9106.0,1479.0,18166.0,183153.0,2021
Total,Perth - North East,633.0,2072.0,1000.0,1776.0,2808.0,6781.0,5927.0,10607.0,10949.0,14479.0,16751.0,14204.0,14795.0,33509.0,25640.0,21762.0,14083.0,7980.0,11278.0,9330.0,6314.0,1755.0,20326.0,3312.0,12235.0,270316.0,2021
Total,Perth - North West,1243.0,4378.0,2010.0,3619.0,5606.0,14010.0,12273.0,20429.0,22159.0,27717.0,31823.0,27670.0,28093.0,64287.0,50734.0,47283.0,31933.0,18750.0,31293.0,27190.0,19418.0,5844.0,40304.0,5899.0,18948.0,562915.0,2021
Total,Perth - South East,1217.0,4637.0,1956.0,3523.0,5662.0,12997.0,11943.0,19879.0,21158.0,27998.0,32162.0,28088.0,28738.0,63376.0,47109.0,41393.0,26095.0,15143.0,23074.0,19195.0,13580.0,4113.0,36576.0,5321.0,24958.0,519886.0,2021
Total,Perth - South West,888.0,3347.0,1700.0,2914.0,4538.0,11043.0,9909.0,16170.0,16788.0,20521.0,22835.0,20802.0,21456.0,49254.0,37771.0,36066.0,23731.0,13596.0,23645.0,19690.0,14391.0,4694.0,32654.0,4316.0,19924.0,432650.0,2021
Total,Western Australia - Wheat Belt,457.0,1080.0,734.0,1248.0,1820.0,5313.0,4114.0,7750.0,7161.0,8362.0,9035.0,6888.0,7137.0,14014.0,9757.0,7628.0,4239.0,2121.0,3566.0,2437.0,1565.0,1086.0,10496.0,2663.0,15555.0,136222.0,2021
Total,Western Australia - Outback (North),200.0,690.0,400.0,788.0,1050.0,1824.0,1521.0,2870.0,3195.0,4103.0,4189.0,3358.0,3913.0,9061.0,6548.0,7736.0,5017.0,2737.0,6299.0,4656.0,3728.0,1290.0,6905.0,3322.0,47411.0,132822.0,2021
Total,Western Australia - Outback (South),430.0,1016.0,564.0,1170.0,1592.0,3755.0,2987.0,5654.0,5349.0,6198.0,6545.0,5498.0,5878.0,13161.0,9292.0,8939.0,5261.0,2949.0,4858.0,3347.0,2486.0,1208.0,9394.0,3604.0,30537.0,141673.0,2021
Total,Migratory - Offshore - Shipping (WA),0.0,4.0,0.0,0.0,0.0,0.0,0.0,0.0,0.0,0.0,8.0,0.0,0.0,3.0,0.0,4.0,0.0,0.0,17.0,0.0,0.0,0.0,0.0,0.0,3218.0,3250.0,2021
"Persons living in improvised dwellings, tents, or sleeping out",Bunbury,0.0,7.0,9.0,13.0,4.0,10.0,6.0,0.0,8.0,0.0,4.0,10.0,0.0,0.0,0.0,0.0,0.0,0.0,0.0,0.0,0.0,0.0,0.0,0.0,0.0,77.0,2016
"Persons living in improvised dwellings, tents, or sleeping out",Mandurah,0.0,0.0,7.0,10.0,9.0,5.0,5.0,7.0,0.0,0.0,0.0,0.0,0.0,0.0,0.0,0.0,0.0,0.0,0.0,0.0,0.0,0.0,0.0,20.0,0.0,61.0,2016
"Persons living in improvised dwellings, tents, or sleeping out",Perth - Inner,0.0,28.0,17.0,146.0,34.0,29.0,9.0,4.0,0.0,0.0,0.0,0.0,0.0,0.0,0.0,0.0,0.0,0.0,0.0,0.0,0.0,0.0,0.0,11.0,0.0,278.0,2016
"Persons living in improvised dwellings, tents, or sleeping out",Perth - North East,0.0,0.0,8.0,18.0,9.0,12.0,5.0,0.0,0.0,0.0,0.0,0.0,0.0,0.0,0.0,0.0,0.0,0.0,0.0,0.0,0.0,0.0,0.0,0.0,0.0,55.0,2016
"Persons living in improvised dwellings, tents, or sleeping out",Perth - North West,0.0,0.0,0.0,11.0,5.0,0.0,0.0,0.0,0.0,0.0,0.0,0.0,0.0,0.0,0.0,0.0,0.0,0.0,0.0,0.0,0.0,0.0,0.0,0.0,0.0,20.0,2016
"Persons living in improvised dwellings, tents, or sleeping out",Perth - South East,0.0,0.0,6.0,24.0,9.0,4.0,8.0,3.0,9.0,6.0,0.0,0.0,0.0,0.0,0.0,0.0,0.0,0.0,0.0,0.0,0.0,0.0,0.0,0.0,0.0,62.0,2016
"Persons living in improvised dwellings, tents, or sleeping out",Perth - South West,0.0,3.0,0.0,46.0,14.0,7.0,0.0,0.0,0.0,0.0,0.0,0.0,0.0,0.0,0.0,0.0,0.0,0.0,0.0,0.0,0.0,0.0,0.0,9.0,0.0,79.0,2016
"Persons living in improvised dwellings, tents, or sleeping out",Western Australia - Wheat Belt,0.0,4.0,3.0,0.0,3.0,9.0,12.0,15.0,6.0,19.0,0.0,7.0,4.0,0.0,0.0,5.0,0.0,0.0,0.0,0.0,0.0,0.0,0.0,0.0,0.0,77.0,2016
"Persons living in improvised dwellings, tents, or sleeping out",Western Australia - Outback (North),0.0,12.0,0.0,44.0,19.0,5.0,5.0,18.0,26.0,18.0,7.0,6.0,5.0,7.0,6.0,0.0,0.0,0.0,0.0,0.0,0.0,0.0,7.0,31.0,5.0,227.0,2016
"Persons living in improvised dwellings, tents, or sleeping out",Western Australia - Outback (South),6.0,9.0,16.0,28.0,8.0,10.0,7.0,14.0,7.0,8.0,0.0,0.0,0.0,11.0,3.0,0.0,0.0,0.0,0.0,0.0,0.0,0.0,0.0,18.0,0.0,142.0,2016
"Persons living in improvised dwellings, tents, or sleeping out",Migratory - Offshore - Shipping (WA),0.0,0.0,0.0,0.0,0.0,0.0,0.0,0.0,0.0,0.0,0.0,0.0,0.0,0.0,0.0,0.0,0.0,0.0,0.0,0.0,0.0,0.0,0.0,0.0,0.0,0.0,2016
Persons in supported accommodation for the homeless,Bunbury,0.0,0.0,0.0,0.0,0.0,0.0,0.0,0.0,0.0,0.0,0.0,0.0,0.0,0.0,0.0,0.0,0.0,0.0,0.0,0.0,0.0,0.0,0.0,0.0,26.0,25.0,2016
Persons in supported accommodation for the homeless,Mandurah,0.0,0.0,0.0,0.0,0.0,0.0,0.0,0.0,0.0,0.0,0.0,0.0,0.0,0.0,0.0,0.0,0.0,0.0,0.0,0.0,0.0,0.0,0.0,0.0,17.0,16.0,2016
Persons in supported accommodation for the homeless,Perth - Inner,0.0,0.0,0.0,4.0,6.0,12.0,7.0,4.0,3.0,0.0,5.0,4.0,3.0,0.0,0.0,0.0,0.0,0.0,0.0,0.0,0.0,0.0,0.0,10.0,336.0,387.0,2016
Persons in supported accommodation for the homeless,Perth - North East,0.0,0.0,0.0,0.0,0.0,8.0,7.0,0.0,3.0,0.0,0.0,0.0,0.0,0.0,0.0,0.0,0.0,0.0,0.0,0.0,0.0,0.0,4.0,0.0,69.0,97.0,2016
Persons in supported accommodation for the homeless,Perth - North West,0.0,0.0,5.0,0.0,6.0,7.0,6.0,4.0,0.0,0.0,0.0,0.0,0.0,0.0,0.0,0.0,0.0,5.0,0.0,0.0,0.0,0.0,8.0,4.0,30.0,73.0,2016
Persons in supported accommodation for the homeless,Perth - South East,0.0,0.0,0.0,4.0,0.0,5.0,0.0,0.0,0.0,0.0,10.0,0.0,0.0,0.0,0.0,0.0,0.0,0.0,0.0,0.0,0.0,0.0,0.0,3.0,64.0,90.0,2016
Persons in supported accommodation for the homeless,Perth - South West,0.0,0.0,0.0,0.0,0.0,0.0,0.0,0.0,0.0,3.0,0.0,0.0,0.0,0.0,0.0,0.0,0.0,0.0,0.0,0.0,0.0,0.0,0.0,0.0,115.0,125.0,2016
Persons in supported accommodation for the homeless,Western Australia - Wheat Belt,0.0,0.0,0.0,0.0,0.0,0.0,0.0,0.0,8.0,0.0,0.0,0.0,0.0,0.0,0.0,0.0,0.0,0.0,0.0,0.0,0.0,0.0,0.0,0.0,22.0,29.0,2016
Persons in supported accommodation for the homeless,Western Australia - Outback (North),0.0,0.0,0.0,0.0,0.0,4.0,0.0,0.0,0.0,3.0,0.0,4.0,0.0,8.0,0.0,0.0,0.0,0.0,0.0,0.0,0.0,0.0,0.0,0.0,99.0,124.0,2016
Persons in supported accommodation for the homeless,Western Australia - Outback (South),0.0,0.0,0.0,0.0,0.0,0.0,0.0,0.0,0.0,0.0,0.0,0.0,0.0,0.0,0.0,0.0,0.0,0.0,0.0,0.0,0.0,0.0,0.0,0.0,85.0,89.0,2016
Persons in supported accommodation for the homeless,Migratory - Offshore - Shipping (WA),0.0,0.0,0.0,0.0,0.0,0.0,0.0,0.0,0.0,0.0,0.0,0.0,0.0,0.0,0.0,0.0,0.0,0.0,0.0,0.0,0.0,0.0,0.0,0.0,0.0,0.0,2016
Persons staying temporarily with other households,Bunbury,0.0,9.0,0.0,12.0,19.0,16.0,22.0,12.0,12.0,8.0,16.0,8.0,20.0,7.0,6.0,6.0,8.0,0.0,0.0,0.0,0.0,0.0,24.0,4.0,0.0,204.0,2016
Persons staying temporarily with other households,Mandurah,0.0,0.0,3.0,3.0,5.0,10.0,12.0,8.0,4.0,4.0,4.0,3.0,7.0,4.0,4.0,6.0,3.0,0.0,0.0,0.0,0.0,0.0,11.0,5.0,0.0,97.0,2016
Persons staying temporarily with other households,Perth - Inner,0.0,0.0,0.0,4.0,7.0,5.0,0.0,3.0,11.0,10.0,3.0,3.0,3.0,7.0,3.0,0.0,0.0,0.0,0.0,0.0,0.0,0.0,14.0,0.0,0.0,87.0,2016
Persons staying temporarily with other households,Perth - North East,0.0,4.0,0.0,10.0,8.0,10.0,14.0,12.0,8.0,15.0,18.0,11.0,3.0,17.0,9.0,5.0,0.0,0.0,3.0,0.0,0.0,0.0,9.0,8.0,0.0,145.0,2016
Persons staying temporarily with other households,Perth - North West,0.0,3.0,0.0,11.0,15.0,19.0,19.0,19.0,23.0,20.0,17.0,14.0,10.0,21.0,13.0,9.0,10.0,4.0,4.0,0.0,0.0,0.0,25.0,7.0,0.0,281.0,2016
Persons staying temporarily with other households,Perth - South East,0.0,10.0,4.0,11.0,15.0,29.0,22.0,19.0,27.0,18.0,30.0,23.0,11.0,23.0,11.0,10.0,0.0,0.0,0.0,0.0,0.0,0.0,18.0,16.0,4.0,295.0,2016
Persons staying temporarily with other households,Perth - South West,0.0,9.0,3.0,9.0,10.0,35.0,21.0,19.0,16.0,21.0,17.0,13.0,10.0,20.0,6.0,3.0,15.0,3.0,4.0,0.0,0.0,0.0,20.0,9.0,0.0,262.0,2016
Persons staying temporarily with other households,Western Australia - Wheat Belt,0.0,0.0,0.0,0.0,11.0,18.0,10.0,22.0,10.0,13.0,9.0,4.0,3.0,14.0,9.0,0.0,9.0,0.0,4.0,0.0,0.0,0.0,13.0,0.0,0.0,150.0,2016
Persons staying temporarily with other households,Western Australia - Outback (North),0.0,4.0,3.0,9.0,9.0,9.0,15.0,6.0,4.0,20.0,8.0,6.0,16.0,38.0,9.0,10.0,10.0,0.0,4.0,4.0,0.0,0.0,10.0,14.0,0.0,222.0,2016
Persons staying temporarily with other households,Western Australia - Outback (South),0.0,3.0,6.0,6.0,17.0,35.0,11.0,12.0,12.0,20.0,13.0,7.0,4.0,13.0,19.0,3.0,10.0,0.0,0.0,0.0,0.0,0.0,18.0,13.0,0.0,218.0,2016
Persons staying temporarily with other households,Migratory - Offshore - Shipping (WA),0.0,0.0,0.0,0.0,0.0,0.0,0.0,0.0,0.0,0.0,0.0,0.0,0.0,0.0,0.0,0.0,0.0,0.0,0.0,0.0,0.0,0.0,0.0,0.0,0.0,0.0,2016
Persons living in boarding houses,Bunbury,0.0,0.0,0.0,0.0,0.0,0.0,0.0,0.0,0.0,0.0,0.0,0.0,0.0,0.0,0.0,0.0,0.0,0.0,0.0,0.0,0.0,0.0,3.0,0.0,19.0,27.0,2016
Persons living in boarding houses,Mandurah,0.0,0.0,0.0,0.0,0.0,0.0,0.0,0.0,0.0,0.0,0.0,0.0,0.0,0.0,0.0,0.0,0.0,0.0,0.0,0.0,0.0,0.0,0.0,10.0,0.0,10.0,2016
Persons living in boarding houses,Perth - Inner,0.0,0.0,0.0,0.0,0.0,0.0,0.0,0.0,0.0,0.0,0.0,0.0,0.0,0.0,0.0,0.0,0.0,0.0,0.0,0.0,0.0,0.0,3.0,0.0,69.0,74.0,2016
Persons living in boarding houses,Perth - North East,0.0,0.0,0.0,0.0,0.0,0.0,0.0,0.0,0.0,0.0,0.0,0.0,6.0,0.0,0.0,0.0,0.0,0.0,0.0,0.0,0.0,0.0,5.0,64.0,14.0,87.0,2016
Persons living in boarding houses,Perth - North West,0.0,0.0,0.0,0.0,0.0,0.0,0.0,0.0,0.0,0.0,0.0,0.0,0.0,6.0,3.0,6.0,0.0,0.0,0.0,0.0,0.0,0.0,13.0,36.0,10.0,71.0,2016
Persons living in boarding houses,Perth - South East,0.0,0.0,0.0,0.0,0.0,0.0,0.0,0.0,0.0,0.0,6.0,8.0,0.0,22.0,8.0,0.0,0.0,0.0,8.0,0.0,0.0,0.0,33.0,68.0,77.0,224.0,2016
Persons living in boarding houses,Perth - South West,0.0,10.0,0.0,0.0,0.0,0.0,0.0,0.0,0.0,0.0,0.0,0.0,0.0,0.0,0.0,0.0,0.0,0.0,0.0,0.0,0.0,0.0,12.0,10.0,244.0,281.0,2016
Persons living in boarding houses,Western Australia - Wheat Belt,0.0,0.0,0.0,0.0,0.0,0.0,0.0,0.0,0.0,0.0,0.0,0.0,0.0,0.0,0.0,0.0,0.0,0.0,0.0,0.0,0.0,0.0,0.0,0.0,23.0,23.0,2016
Persons living in boarding houses,Western Australia - Outback (North),0.0,0.0,0.0,0.0,0.0,0.0,0.0,0.0,0.0,0.0,0.0,0.0,0.0,0.0,0.0,0.0,0.0,0.0,0.0,0.0,0.0,0.0,0.0,0.0,129.0,129.0,2016
Persons living in boarding houses,Western Australia - Outback (South),0.0,0.0,0.0,0.0,0.0,0.0,0.0,0.0,0.0,0.0,7.0,0.0,0.0,0.0,0.0,0.0,0.0,0.0,0.0,0.0,0.0,0.0,0.0,0.0,61.0,67.0,2016
Persons living in boarding houses,Migratory - Offshore - Shipping (WA),0.0,0.0,0.0,0.0,0.0,0.0,0.0,0.0,0.0,0.0,0.0,0.0,0.0,0.0,0.0,0.0,0.0,0.0,0.0,0.0,0.0,0.0,0.0,0.0,0.0,0.0,2016
Persons in other temporary lodgings,Bunbury,0.0,0.0,0.0,0.0,0.0,0.0,0.0,0.0,0.0,0.0,0.0,0.0,0.0,0.0,0.0,0.0,0.0,0.0,0.0,0.0,0.0,0.0,0.0,0.0,0.0,0.0,2016
Persons in other temporary lodgings,Mandurah,0.0,0.0,0.0,0.0,0.0,0.0,0.0,0.0,0.0,0.0,0.0,0.0,0.0,0.0,0.0,0.0,0.0,0.0,0.0,0.0,0.0,0.0,0.0,0.0,0.0,0.0,2016
Persons in other temporary lodgings,Perth - Inner,0.0,0.0,0.0,0.0,0.0,0.0,0.0,0.0,0.0,0.0,0.0,0.0,0.0,0.0,0.0,0.0,0.0,0.0,0.0,0.0,0.0,0.0,0.0,0.0,12.0,12.0,2016
Persons in other temporary lodgings,Perth - North East,0.0,0.0,0.0,0.0,0.0,0.0,0.0,0.0,0.0,0.0,0.0,0.0,0.0,0.0,0.0,0.0,0.0,0.0,0.0,0.0,0.0,0.0,0.0,0.0,0.0,0.0,2016
Persons in other temporary lodgings,Perth - North West,0.0,0.0,0.0,0.0,0.0,0.0,0.0,0.0,0.0,0.0,0.0,0.0,0.0,0.0,0.0,0.0,0.0,0.0,0.0,0.0,0.0,0.0,0.0,0.0,4.0,4.0,2016
Persons in other temporary lodgings,Perth - South East,0.0,0.0,0.0,0.0,0.0,0.0,0.0,0.0,0.0,0.0,0.0,0.0,0.0,0.0,0.0,0.0,0.0,0.0,0.0,0.0,0.0,0.0,0.0,0.0,0.0,0.0,2016
Persons in other temporary lodgings,Perth - South West,0.0,0.0,0.0,0.0,0.0,0.0,0.0,0.0,0.0,0.0,0.0,0.0,0.0,0.0,0.0,0.0,0.0,0.0,0.0,0.0,0.0,0.0,0.0,0.0,0.0,0.0,2016
Persons in other temporary lodgings,Western Australia - Wheat Belt,0.0,0.0,0.0,0.0,0.0,0.0,0.0,0.0,0.0,0.0,0.0,0.0,0.0,0.0,0.0,0.0,0.0,0.0,0.0,0.0,0.0,0.0,0.0,0.0,10.0,10.0,2016
Persons in other temporary lodgings,Western Australia - Outback (North),0.0,0.0,0.0,0.0,0.0,0.0,0.0,0.0,0.0,0.0,0.0,0.0,0.0,0.0,0.0,0.0,0.0,0.0,0.0,0.0,0.0,0.0,0.0,0.0,8.0,8.0,2016
Persons in other temporary lodgings,Western Australia - Outback (South),0.0,0.0,0.0,0.0,0.0,0.0,0.0,0.0,0.0,0.0,0.0,0.0,0.0,0.0,0.0,0.0,0.0,0.0,0.0,0.0,0.0,0.0,0.0,0.0,11.0,11.0,2016
Persons in other temporary lodgings,Migratory - Offshore - Shipping (WA),0.0,0.0,0.0,0.0,0.0,0.0,0.0,0.0,0.0,0.0,0.0,0.0,0.0,0.0,0.0,0.0,0.0,0.0,0.0,0.0,0.0,0.0,0.0,0.0,0.0,0.0,2016
Persons living in 'severely' crowded dwellings,Bunbury,0.0,0.0,0.0,0.0,0.0,0.0,0.0,0.0,9.0,0.0,12.0,27.0,0.0,8.0,0.0,6.0,9.0,0.0,5.0,11.0,0.0,0.0,24.0,0.0,0.0,112.0,2016
Persons living in 'severely' crowded dwellings,Mandurah,0.0,0.0,0.0,0.0,0.0,0.0,0.0,10.0,0.0,6.0,21.0,0.0,4.0,0.0,0.0,0.0,0.0,0.0,0.0,0.0,0.0,0.0,28.0,0.0,0.0,65.0,2016
Persons living in 'severely' crowded dwellings,Perth - Inner,0.0,0.0,0.0,0.0,0.0,0.0,0.0,11.0,0.0,0.0,0.0,11.0,7.0,5.0,26.0,11.0,8.0,9.0,0.0,13.0,0.0,0.0,7.0,0.0,0.0,111.0,2016
Persons living in 'severely' crowded dwellings,Perth - North East,0.0,0.0,0.0,0.0,0.0,0.0,0.0,0.0,12.0,6.0,18.0,5.0,12.0,66.0,24.0,49.0,25.0,24.0,16.0,9.0,22.0,14.0,31.0,4.0,0.0,342.0,2016
Persons living in 'severely' crowded dwellings,Perth - North West,0.0,8.0,13.0,0.0,0.0,8.0,0.0,19.0,0.0,29.0,17.0,34.0,44.0,70.0,58.0,32.0,46.0,38.0,0.0,18.0,0.0,23.0,42.0,15.0,0.0,496.0,2016
Persons living in 'severely' crowded dwellings,Perth - South East,17.0,0.0,7.0,14.0,0.0,0.0,0.0,5.0,0.0,19.0,48.0,31.0,59.0,86.0,45.0,92.0,48.0,29.0,45.0,75.0,24.0,16.0,100.0,14.0,0.0,771.0,2016
Persons living in 'severely' crowded dwellings,Perth - South West,0.0,7.0,0.0,10.0,0.0,0.0,6.0,0.0,0.0,12.0,15.0,18.0,9.0,37.0,27.0,19.0,0.0,24.0,14.0,10.0,0.0,0.0,9.0,13.0,0.0,221.0,2016
Persons living in 'severely' crowded dwellings,Western Australia - Wheat Belt,0.0,23.0,0.0,0.0,0.0,0.0,16.0,0.0,0.0,4.0,0.0,26.0,6.0,0.0,19.0,0.0,0.0,5.0,10.0,0.0,10.0,0.0,18.0,0.0,0.0,138.0,2016
Persons living in 'severely' crowded dwellings,Western Australia - Outback (North),10.0,0.0,0.0,0.0,12.0,0.0,9.0,0.0,31.0,60.0,134.0,116.0,120.0,140.0,36.0,91.0,0.0,5.0,5.0,8.0,5.0,0.0,302.0,62.0,0.0,1159.0,2016
Persons living in 'severely' crowded dwellings,Western Australia - Outback (South),0.0,0.0,0.0,0.0,0.0,0.0,0.0,0.0,9.0,42.0,17.0,42.0,11.0,40.0,26.0,30.0,17.0,19.0,9.0,0.0,12.0,0.0,138.0,39.0,0.0,452.0,2016
Persons living in 'severely' crowded dwellings,Migratory - Offshore - Shipping (WA),0.0,0.0,0.0,0.0,0.0,0.0,0.0,0.0,0.0,0.0,0.0,0.0,0.0,0.0,0.0,0.0,0.0,0.0,0.0,0.0,0.0,0.0,0.0,0.0,0.0,0.0,2016
Persons living in other crowded dwellings,Bunbury,0.0,5.0,0.0,9.0,0.0,0.0,0.0,3.0,0.0,23.0,16.0,16.0,0.0,9.0,15.0,5.0,3.0,16.0,8.0,22.0,0.0,5.0,29.0,0.0,0.0,186.0,2016
Persons living in other crowded dwellings,Mandurah,0.0,0.0,0.0,0.0,0.0,0.0,0.0,0.0,0.0,6.0,0.0,13.0,8.0,0.0,0.0,16.0,0.0,0.0,0.0,3.0,0.0,0.0,34.0,0.0,0.0,81.0,2016
Persons living in other crowded dwellings,Perth - Inner,0.0,12.0,0.0,5.0,0.0,0.0,21.0,4.0,17.0,3.0,26.0,12.0,12.0,30.0,28.0,9.0,6.0,13.0,4.0,19.0,5.0,0.0,32.0,0.0,0.0,256.0,2016
Persons living in other crowded dwellings,Perth - North East,7.0,11.0,3.0,7.0,19.0,7.0,0.0,0.0,17.0,29.0,58.0,18.0,7.0,53.0,57.0,36.0,28.0,37.0,35.0,28.0,21.0,9.0,93.0,5.0,0.0,589.0,2016
Persons living in other crowded dwellings,Perth - North West,17.0,25.0,0.0,33.0,0.0,10.0,14.0,15.0,0.0,53.0,82.0,38.0,57.0,120.0,177.0,100.0,54.0,92.0,17.0,13.0,20.0,25.0,153.0,11.0,0.0,1131.0,2016
Persons living in other crowded dwellings,Perth - South East,0.0,10.0,6.0,0.0,12.0,18.0,0.0,29.0,42.0,31.0,62.0,82.0,101.0,111.0,219.0,89.0,134.0,80.0,50.0,88.0,30.0,33.0,181.0,0.0,0.0,1415.0,2016
Persons living in other crowded dwellings,Perth - South West,0.0,0.0,0.0,13.0,4.0,9.0,12.0,8.0,33.0,29.0,35.0,31.0,38.0,32.0,50.0,40.0,19.0,14.0,21.0,0.0,42.0,8.0,75.0,0.0,0.0,487.0,2016
Persons living in other crowded dwellings,Western Australia - Wheat Belt,0.0,4.0,0.0,0.0,12.0,0.0,0.0,0.0,5.0,23.0,17.0,16.0,20.0,26.0,11.0,23.0,5.0,0.0,6.0,13.0,9.0,0.0,41.0,8.0,0.0,249.0,2016
Persons living in other crowded dwellings,Western Australia - Outback (North),0.0,0.0,3.0,0.0,9.0,5.0,9.0,28.0,52.0,95.0,96.0,109.0,65.0,89.0,59.0,10.0,4.0,7.0,0.0,33.0,21.0,4.0,300.0,22.0,0.0,1008.0,2016
Persons living in other crowded dwellings,Western Australia - Outback (South),0.0,0.0,0.0,0.0,9.0,0.0,11.0,5.0,21.0,31.0,32.0,20.0,25.0,57.0,30.0,19.0,0.0,27.0,0.0,9.0,0.0,0.0,65.0,30.0,0.0,389.0,2016
Persons living in other crowded dwellings,Migratory - Offshore - Shipping (WA),0.0,0.0,0.0,0.0,0.0,0.0,0.0,0.0,0.0,0.0,0.0,0.0,0.0,0.0,0.0,0.0,0.0,0.0,0.0,0.0,0.0,0.0,0.0,0.0,0.0,0.0,2016
Persons in other improvised dwellings,Bunbury,3.0,0.0,0.0,3.0,0.0,8.0,9.0,9.0,6.0,5.0,5.0,20.0,3.0,19.0,11.0,4.0,3.0,8.0,0.0,0.0,0.0,0.0,10.0,0.0,0.0,132.0,2016
Persons in other improvised dwellings,Mandurah,0.0,0.0,0.0,0.0,0.0,0.0,0.0,0.0,4.0,0.0,4.0,3.0,3.0,3.0,0.0,0.0,4.0,0.0,0.0,0.0,3.0,4.0,4.0,0.0,0.0,32.0,2016
Persons in other improvised dwellings,Perth - Inner,0.0,0.0,0.0,0.0,0.0,0.0,0.0,0.0,0.0,0.0,0.0,0.0,0.0,0.0,0.0,0.0,0.0,0.0,0.0,0.0,0.0,0.0,0.0,0.0,0.0,4.0,2016
Persons in other improvised dwellings,Perth - North East,0.0,0.0,0.0,0.0,0.0,4.0,0.0,3.0,3.0,6.0,3.0,0.0,4.0,19.0,4.0,8.0,3.0,0.0,8.0,9.0,0.0,0.0,3.0,3.0,0.0,79.0,2016
Persons in other improvised dwellings,Perth - North West,0.0,0.0,0.0,0.0,0.0,0.0,0.0,0.0,0.0,0.0,0.0,0.0,6.0,0.0,10.0,3.0,0.0,5.0,7.0,0.0,0.0,0.0,0.0,0.0,0.0,37.0,2016
Persons in other improvised dwellings,Perth - South East,0.0,0.0,0.0,0.0,0.0,0.0,0.0,0.0,0.0,8.0,3.0,0.0,0.0,9.0,3.0,0.0,0.0,0.0,0.0,4.0,0.0,0.0,14.0,4.0,0.0,42.0,2016
Persons in other improvised dwellings,Perth - South West,0.0,3.0,0.0,0.0,0.0,0.0,0.0,0.0,0.0,0.0,0.0,11.0,0.0,12.0,0.0,0.0,6.0,0.0,0.0,0.0,0.0,0.0,0.0,0.0,0.0,32.0,2016
Persons in other improvised dwellings,Western Australia - Wheat Belt,0.0,4.0,6.0,6.0,3.0,9.0,3.0,13.0,4.0,11.0,27.0,8.0,26.0,21.0,4.0,9.0,4.0,0.0,0.0,0.0,0.0,0.0,4.0,0.0,0.0,151.0,2016
Persons in other improvised dwellings,Western Australia - Outback (North),0.0,4.0,5.0,4.0,7.0,4.0,0.0,5.0,9.0,3.0,9.0,7.0,6.0,27.0,16.0,0.0,11.0,0.0,3.0,0.0,4.0,5.0,0.0,7.0,0.0,137.0,2016
Persons in other improvised dwellings,Western Australia - Outback (South),4.0,3.0,0.0,0.0,0.0,14.0,3.0,4.0,9.0,3.0,13.0,4.0,14.0,7.0,15.0,3.0,0.0,9.0,4.0,0.0,0.0,3.0,5.0,5.0,0.0,123.0,2016
Persons in other improvised dwellings,Migratory - Offshore - Shipping (WA),0.0,0.0,0.0,0.0,0.0,0.0,0.0,0.0,0.0,0.0,0.0,0.0,0.0,0.0,0.0,0.0,0.0,0.0,0.0,0.0,0.0,0.0,0.0,0.0,0.0,0.0,2016
Persons who are marginally housed in caravan parks,Bunbury,0.0,11.0,5.0,9.0,26.0,33.0,24.0,17.0,19.0,9.0,3.0,0.0,3.0,7.0,0.0,0.0,0.0,0.0,0.0,0.0,0.0,0.0,16.0,9.0,3.0,189.0,2016
Persons who are marginally housed in caravan parks,Mandurah,0.0,4.0,0.0,7.0,8.0,25.0,8.0,19.0,4.0,3.0,4.0,0.0,0.0,0.0,0.0,0.0,0.0,0.0,0.0,0.0,0.0,0.0,0.0,15.0,3.0,103.0,2016
Persons who are marginally housed in caravan parks,Perth - Inner,0.0,0.0,0.0,0.0,0.0,0.0,0.0,0.0,0.0,0.0,0.0,0.0,0.0,0.0,0.0,0.0,0.0,0.0,0.0,0.0,0.0,0.0,0.0,0.0,0.0,0.0,2016
Persons who are marginally housed in caravan parks,Perth - North East,0.0,0.0,0.0,0.0,4.0,5.0,5.0,3.0,7.0,7.0,0.0,0.0,0.0,0.0,0.0,0.0,0.0,0.0,0.0,0.0,0.0,0.0,3.0,14.0,0.0,49.0,2016
Persons who are marginally housed in caravan parks,Perth - North West,0.0,3.0,0.0,0.0,0.0,9.0,6.0,4.0,0.0,3.0,0.0,0.0,0.0,0.0,0.0,0.0,0.0,0.0,0.0,0.0,0.0,0.0,0.0,7.0,0.0,38.0,2016
Persons who are marginally housed in caravan parks,Perth - South East,5.0,0.0,4.0,8.0,9.0,15.0,20.0,13.0,4.0,12.0,0.0,0.0,3.0,0.0,0.0,0.0,0.0,0.0,0.0,0.0,0.0,0.0,0.0,8.0,0.0,101.0,2016
Persons who are marginally housed in caravan parks,Perth - South West,0.0,8.0,0.0,4.0,3.0,6.0,11.0,10.0,5.0,6.0,10.0,0.0,0.0,0.0,0.0,0.0,0.0,0.0,0.0,0.0,0.0,0.0,12.0,5.0,0.0,83.0,2016
Persons who are marginally housed in caravan parks,Western Australia - Wheat Belt,0.0,5.0,0.0,7.0,10.0,24.0,6.0,14.0,4.0,3.0,9.0,0.0,0.0,0.0,0.0,0.0,0.0,0.0,0.0,0.0,0.0,0.0,0.0,13.0,0.0,94.0,2016
Persons who are marginally housed in caravan parks,Western Australia - Outback (North),0.0,8.0,3.0,14.0,14.0,21.0,15.0,15.0,18.0,22.0,15.0,0.0,6.0,3.0,0.0,0.0,0.0,0.0,0.0,0.0,0.0,0.0,9.0,24.0,5.0,192.0,2016
Persons who are marginally housed in caravan parks,Western Australia - Outback (South),3.0,3.0,4.0,6.0,22.0,13.0,10.0,20.0,21.0,20.0,4.0,0.0,4.0,6.0,0.0,0.0,0.0,0.0,0.0,0.0,0.0,0.0,6.0,24.0,3.0,179.0,2016
Persons who are marginally housed in caravan parks,Migratory - Offshore - Shipping (WA),0.0,0.0,0.0,0.0,0.0,0.0,0.0,0.0,0.0,0.0,0.0,0.0,0.0,0.0,0.0,0.0,0.0,0.0,0.0,0.0,0.0,0.0,0.0,0.0,0.0,0.0,2016
Not Applicable,Bunbury,314.0,1277.0,892.0,1994.0,2691.0,6738.0,5670.0,10695.0,9353.0,11447.0,11459.0,10049.0,10301.0,19250.0,12856.0,7865.0,5585.0,3051.0,2861.0,2052.0,1454.0,284.0,15967.0,2922.0,13755.0,170785.0,2016
Not Applicable,Mandurah,193.0,884.0,594.0,1222.0,1662.0,4545.0,3453.0,7125.0,5412.0,6648.0,6012.0,4738.0,4699.0,9414.0,6241.0,3740.0,3346.0,2254.0,1732.0,1371.0,755.0,130.0,9119.0,1721.0,5431.0,92457.0,2016
Not Applicable,Perth - Inner,313.0,2058.0,914.0,1659.0,1940.0,3718.0,3162.0,4446.0,5069.0,6991.0,7003.0,6366.0,6622.0,14664.0,9924.0,8000.0,12547.0,8010.0,8603.0,9898.0,10232.0,1769.0,12422.0,1745.0,23271.0,171351.0,2016
Not Applicable,Perth - North East,494.0,2009.0,1143.0,2537.0,3087.0,7301.0,6243.0,11316.0,11695.0,15907.0,16188.0,15093.0,15356.0,31140.0,21315.0,13893.0,11127.0,6617.0,5409.0,4342.0,2755.0,431.0,20606.0,3394.0,15336.0,244731.0,2016
Not Applicable,Perth - North West,925.0,4125.0,2394.0,5156.0,5885.0,14507.0,13023.0,22254.0,22714.0,31276.0,31693.0,29382.0,29856.0,64911.0,46755.0,32982.0,28054.0,18040.0,16355.0,14177.0,9806.0,1604.0,44392.0,6839.0,24847.0,521951.0,2016
Not Applicable,Perth - South East,994.0,5435.0,2411.0,5493.0,5812.0,14305.0,12550.0,21639.0,22805.0,32176.0,31815.0,29330.0,28685.0,58873.0,39621.0,26581.0,22069.0,12957.0,10947.0,10080.0,6561.0,1214.0,38700.0,6183.0,30084.0,477332.0,2016
Not Applicable,Perth - South West,644.0,3343.0,1728.0,4359.0,4847.0,11623.0,9917.0,16943.0,16667.0,22801.0,22475.0,21463.0,22027.0,46966.0,33653.0,22997.0,20715.0,13055.0,11759.0,10576.0,7395.0,1263.0,35529.0,5055.0,26263.0,394044.0,2016
Not Applicable,Western Australia - Wheat Belt,325.0,945.0,909.0,1722.0,2248.0,6046.0,4450.0,9079.0,7821.0,10248.0,9127.0,7416.0,7701.0,12948.0,8321.0,4804.0,3482.0,1825.0,1931.0,1200.0,1433.0,260.0,11076.0,2895.0,15248.0,133468.0,2016
Not Applicable,Western Australia - Outback (North),114.0,545.0,393.0,980.0,1007.0,2128.0,1687.0,3139.0,3487.0,4073.0,3663.0,3246.0,3759.0,9978.0,6435.0,5093.0,6093.0,3277.0,3362.0,2871.0,2116.0,417.0,6895.0,3446.0,49856.0,128063.0,2016
Not Applicable,Western Australia - Outback (South),322.0,944.0,721.0,1544.0,1897.0,4201.0,3538.0,6737.0,5519.0,7377.0,7264.0,6021.0,6556.0,13271.0,8652.0,5930.0,4755.0,2525.0,2447.0,1865.0,1508.0,301.0,10599.0,4091.0,23556.0,132142.0,2016
Not Applicable,Migratory - Offshore - Shipping (WA),0.0,0.0,0.0,0.0,0.0,0.0,0.0,0.0,0.0,0.0,0.0,0.0,0.0,0.0,0.0,0.0,0.0,0.0,0.0,0.0,0.0,0.0,0.0,0.0,3669.0,3669.0,2016
Total,Bunbury,320.0,1299.0,910.0,2050.0,2741.0,6796.0,5732.0,10736.0,9403.0,11494.0,11521.0,10130.0,10332.0,19306.0,12890.0,7883.0,5609.0,3066.0,2879.0,2090.0,1455.0,288.0,16069.0,2937.0,13805.0,171736.0,2016
Total,Mandurah,193.0,892.0,602.0,1250.0,1689.0,4597.0,3472.0,7166.0,5423.0,6672.0,6049.0,4750.0,4719.0,9422.0,6247.0,3756.0,3354.0,2254.0,1732.0,1369.0,757.0,131.0,9194.0,1769.0,5454.0,92933.0,2016
Total,Perth - Inner,311.0,2097.0,935.0,1814.0,1986.0,3761.0,3206.0,4469.0,5100.0,7002.0,7040.0,6398.0,6648.0,14702.0,9980.0,8024.0,12560.0,8032.0,8607.0,9934.0,10240.0,1769.0,12472.0,1769.0,23688.0,172557.0,2016
Total,Perth - North East,501.0,2028.0,1155.0,2574.0,3119.0,7350.0,6271.0,11337.0,11737.0,15976.0,16286.0,15128.0,15394.0,31288.0,21405.0,13998.0,11186.0,6678.0,5465.0,4382.0,2792.0,451.0,20753.0,3493.0,15415.0,246177.0,2016
Total,Perth - North West,940.0,4159.0,2418.0,5219.0,5912.0,14563.0,13062.0,22314.0,22739.0,31387.0,31805.0,29469.0,29987.0,65124.0,47022.0,33131.0,28165.0,18182.0,16381.0,14212.0,9826.0,1650.0,44636.0,6922.0,24890.0,524111.0,2016
Total,Perth - South East,1017.0,5450.0,2436.0,5558.0,5857.0,14376.0,12592.0,21705.0,22886.0,32268.0,31973.0,29468.0,28867.0,59133.0,39906.0,26769.0,22254.0,13068.0,11048.0,10248.0,6618.0,1266.0,39049.0,6285.0,30237.0,480333.0,2016
Total,Perth - South West,644.0,3383.0,1732.0,4436.0,4874.0,11680.0,9955.0,16979.0,16722.0,22872.0,22544.0,21529.0,22087.0,47063.0,33735.0,23061.0,20753.0,13091.0,11795.0,10591.0,7435.0,1273.0,35661.0,5095.0,26629.0,395627.0,2016
Total,Western Australia - Wheat Belt,324.0,989.0,914.0,1745.0,2287.0,6100.0,4492.0,9137.0,7864.0,10318.0,9184.0,7467.0,7759.0,13013.0,8360.0,4841.0,3498.0,1831.0,1957.0,1215.0,1448.0,260.0,11150.0,2921.0,15296.0,134386.0,2016
Total,Western Australia - Outback (North),121.0,579.0,406.0,1053.0,1068.0,2168.0,1752.0,3218.0,3629.0,4296.0,3928.0,3492.0,3970.0,10292.0,6563.0,5213.0,6121.0,3294.0,3374.0,2916.0,2150.0,429.0,7524.0,3612.0,50102.0,131275.0,2016
Total,Western Australia - Outback (South),337.0,966.0,750.0,1589.0,1948.0,4269.0,3591.0,6791.0,5600.0,7500.0,7357.0,6090.0,6617.0,13406.0,8740.0,5985.0,4784.0,2572.0,2467.0,1869.0,1514.0,306.0,10834.0,4225.0,23711.0,133807.0,2016
Total,Migratory - Offshore - Shipping (WA),0.0,0.0,0.0,0.0,0.0,0.0,0.0,0.0,0.0,0.0,0.0,0.0,0.0,0.0,0.0,0.0,0.0,0.0,0.0,0.0,0.0,0.0,0.0,0.0,3669.0,3669.0,2016
