SEXP SEX,AGE,STATE,"PERSONS LIVING IN IMPROVISED DWELLINGS, TENTS, OR SLEEPING OUT",PERSONS IN SUPPORTED ACCOMMODATION FOR THE HOMELESS,PERSONS STAYING TEMPORARILY WITH OTHER HOUSEHOLDS,PERSONS LIVING IN BOARDING HOUSES,PERSONS IN OTHER TEMPORARY LODGINGS,PERSONS LIVING IN 'SEVERELY' CROWDED DWELLINGS,PERSONS LIVING IN OTHER CROWDED DWELLINGS,PERSONS IN OTHER IMPROVISED DWELLINGS,PERSONS WHO ARE MARGINALLY HOUSED IN CARAVAN PARKS,NOT APPLICABLE,TOTAL,CENSUS_YEAR
Male,0-4 years,New South Wales,8.0,271.0,109.0,26.0,30.0,521.0,1077.0,11.0,17.0,238326.0,240397.0,2021
Male,0-4 years,Victoria,0.0,425.0,57.0,26.0,40.0,309.0,726.0,3.0,16.0,190758.0,192353.0,2021
Male,0-4 years,Queensland,18.0,292.0,112.0,11.0,0.0,411.0,674.0,29.0,39.0,149506.0,151098.0,2021
Male,0-4 years,South Australia,0.0,147.0,28.0,0.0,7.0,96.0,161.0,6.0,3.0,47873.0,48325.0,2021
Male,0-4 years,Western Australia,9.0,49.0,46.0,0.0,0.0,148.0,251.0,7.0,7.0,82759.0,83289.0,2021
Male,0-4 years,Tasmania,0.0,31.0,12.0,0.0,0.0,27.0,69.0,0.0,3.0,14379.0,14519.0,2021
Male,0-4 years,Northern Territory,8.0,65.0,27.0,0.0,0.0,471.0,234.0,5.0,0.0,7916.0,8724.0,2021
Male,0-4 years,Australian Capital Territory,0.0,30.0,9.0,0.0,0.0,15.0,39.0,0.0,0.0,13643.0,13734.0,2021
Male,0-4 years,Other Territories,0.0,0.0,0.0,0.0,0.0,0.0,0.0,0.0,0.0,128.0,129.0,2021
Male,5-9 years,New South Wales,3.0,250.0,78.0,12.0,25.0,523.0,1170.0,8.0,19.0,255014.0,257099.0,2021
Male,5-9 years,Victoria,0.0,458.0,59.0,7.0,40.0,361.0,804.0,8.0,8.0,204582.0,206315.0,2021
Male,5-9 years,Queensland,16.0,206.0,110.0,3.0,4.0,404.0,808.0,22.0,23.0,167695.0,169297.0,2021
Male,5-9 years,South Australia,3.0,139.0,30.0,3.0,14.0,93.0,230.0,3.0,5.0,52764.0,53283.0,2021
Male,5-9 years,Western Australia,18.0,37.0,39.0,5.0,0.0,145.0,306.0,12.0,13.0,88272.0,88842.0,2021
Male,5-9 years,Tasmania,6.0,19.0,16.0,0.0,0.0,27.0,71.0,0.0,6.0,15717.0,15861.0,2021
Male,5-9 years,Northern Territory,7.0,40.0,20.0,0.0,0.0,539.0,290.0,0.0,0.0,8050.0,8949.0,2021
Male,5-9 years,Australian Capital Territory,0.0,40.0,3.0,0.0,0.0,4.0,28.0,0.0,0.0,14833.0,14911.0,2021
Male,5-9 years,Other Territories,0.0,0.0,0.0,0.0,0.0,0.0,5.0,0.0,0.0,144.0,151.0,2021
Male,10-14 years,New South Wales,9.0,211.0,70.0,26.0,24.0,492.0,1160.0,18.0,22.0,255185.0,257221.0,2021
Male,10-14 years,Victoria,3.0,387.0,44.0,13.0,38.0,406.0,853.0,10.0,17.0,199164.0,200932.0,2021
Male,10-14 years,Queensland,11.0,170.0,99.0,0.0,6.0,384.0,784.0,20.0,25.0,175082.0,176580.0,2021
Male,10-14 years,South Australia,0.0,139.0,25.0,3.0,7.0,103.0,233.0,3.0,5.0,53331.0,53855.0,2021
Male,10-14 years,Western Australia,17.0,36.0,25.0,5.0,0.0,145.0,302.0,11.0,10.0,87805.0,88352.0,2021
Male,10-14 years,Tasmania,0.0,26.0,16.0,0.0,0.0,29.0,64.0,0.0,7.0,16950.0,17085.0,2021
Male,10-14 years,Northern Territory,7.0,45.0,11.0,0.0,0.0,511.0,243.0,10.0,0.0,7619.0,8448.0,2021
Male,10-14 years,Australian Capital Territory,0.0,32.0,0.0,0.0,0.0,18.0,26.0,0.0,0.0,13884.0,13958.0,2021
Male,10-14 years,Other Territories,0.0,0.0,0.0,0.0,0.0,0.0,0.0,0.0,0.0,160.0,164.0,2021
Male,15-19 years,New South Wales,11.0,277.0,98.0,84.0,40.0,584.0,1383.0,13.0,27.0,233577.0,236093.0,2021
Male,15-19 years,Victoria,4.0,434.0,59.0,105.0,50.0,451.0,1024.0,6.0,15.0,184505.0,186652.0,2021
Male,15-19 years,Queensland,46.0,180.0,110.0,54.0,8.0,459.0,918.0,24.0,37.0,158659.0,160495.0,2021
Male,15-19 years,South Australia,0.0,143.0,34.0,19.0,0.0,139.0,297.0,3.0,3.0,50403.0,51038.0,2021
Male,15-19 years,Western Australia,26.0,74.0,57.0,20.0,0.0,178.0,311.0,6.0,13.0,77940.0,78612.0,2021
Male,15-19 years,Tasmania,5.0,36.0,21.0,0.0,0.0,36.0,62.0,3.0,0.0,15308.0,15470.0,2021
Male,15-19 years,Northern Territory,10.0,46.0,11.0,0.0,0.0,610.0,295.0,0.0,0.0,6447.0,7411.0,2021
Male,15-19 years,Australian Capital Territory,0.0,48.0,11.0,3.0,0.0,10.0,29.0,0.0,0.0,13338.0,13445.0,2021
Male,15-19 years,Other Territories,0.0,0.0,0.0,0.0,0.0,0.0,0.0,0.0,0.0,110.0,110.0,2021
Male,20-24 years,New South Wales,34.0,236.0,176.0,572.0,43.0,1322.0,2741.0,14.0,46.0,249570.0,254746.0,2021
Male,20-24 years,Victoria,12.0,397.0,108.0,992.0,69.0,916.0,1903.0,5.0,30.0,206215.0,210634.0,2021
Male,20-24 years,Queensland,79.0,133.0,180.0,172.0,12.0,580.0,913.0,22.0,53.0,160490.0,162638.0,2021
Male,20-24 years,South Australia,11.0,99.0,57.0,52.0,5.0,225.0,365.0,4.0,9.0,55013.0,55843.0,2021
Male,20-24 years,Western Australia,63.0,74.0,108.0,39.0,0.0,174.0,335.0,11.0,17.0,80207.0,81024.0,2021
Male,20-24 years,Tasmania,5.0,52.0,34.0,10.0,0.0,53.0,94.0,0.0,6.0,15499.0,15758.0,2021
Male,20-24 years,Northern Territory,15.0,48.0,18.0,3.0,0.0,531.0,290.0,4.0,6.0,7896.0,8809.0,2021
Male,20-24 years,Australian Capital Territory,4.0,42.0,17.0,22.0,0.0,38.0,94.0,0.0,0.0,17010.0,17225.0,2021
Male,20-24 years,Other Territories,0.0,0.0,0.0,0.0,0.0,0.0,0.0,0.0,0.0,147.0,149.0,2021
Male,25-29 years,New South Wales,48.0,126.0,235.0,853.0,73.0,1372.0,2438.0,18.0,37.0,272592.0,277792.0,2021
Male,25-29 years,Victoria,48.0,221.0,149.0,1225.0,79.0,962.0,1730.0,9.0,40.0,234422.0,238880.0,2021
Male,25-29 years,Queensland,81.0,122.0,244.0,222.0,15.0,447.0,754.0,23.0,70.0,170172.0,172144.0,2021
Male,25-29 years,South Australia,10.0,70.0,54.0,60.0,11.0,187.0,304.0,6.0,16.0,58371.0,59091.0,2021
Male,25-29 years,Western Australia,97.0,57.0,117.0,59.0,10.0,160.0,286.0,9.0,24.0,87490.0,88313.0,2021
Male,25-29 years,Tasmania,9.0,11.0,44.0,37.0,0.0,88.0,163.0,4.0,0.0,19235.0,19594.0,2021
Male,25-29 years,Northern Territory,15.0,62.0,34.0,10.0,5.0,428.0,248.0,3.0,0.0,10283.0,11091.0,2021
Male,25-29 years,Australian Capital Territory,4.0,28.0,15.0,19.0,0.0,73.0,156.0,0.0,3.0,19417.0,19716.0,2021
Male,25-29 years,Other Territories,0.0,0.0,0.0,0.0,0.0,0.0,0.0,0.0,0.0,217.0,217.0,2021
Male,30-34 years,New South Wales,40.0,125.0,238.0,756.0,88.0,779.0,1411.0,10.0,47.0,282142.0,285640.0,2021
Male,30-34 years,Victoria,53.0,206.0,141.0,726.0,76.0,374.0,782.0,9.0,34.0,240267.0,242663.0,2021
Male,30-34 years,Queensland,112.0,124.0,254.0,207.0,19.0,283.0,463.0,33.0,81.0,170618.0,172183.0,2021
Male,30-34 years,South Australia,17.0,69.0,72.0,38.0,11.0,88.0,163.0,3.0,11.0,57746.0,58236.0,2021
Male,30-34 years,Western Australia,133.0,60.0,116.0,37.0,10.0,104.0,182.0,8.0,15.0,95546.0,96210.0,2021
Male,30-34 years,Tasmania,22.0,12.0,26.0,12.0,0.0,37.0,87.0,3.0,0.0,18575.0,18789.0,2021
Male,30-34 years,Northern Territory,32.0,55.0,29.0,10.0,5.0,372.0,192.0,7.0,9.0,10808.0,11516.0,2021
Male,30-34 years,Australian Capital Territory,0.0,45.0,10.0,11.0,0.0,45.0,77.0,0.0,0.0,18733.0,18929.0,2021
Male,30-34 years,Other Territories,0.0,0.0,0.0,0.0,0.0,0.0,0.0,0.0,0.0,223.0,228.0,2021
Male,35-39 years,New South Wales,49.0,126.0,181.0,506.0,127.0,532.0,1016.0,17.0,66.0,282258.0,284880.0,2021
Male,35-39 years,Victoria,103.0,217.0,138.0,461.0,94.0,252.0,525.0,4.0,41.0,237691.0,239522.0,2021
Male,35-39 years,Queensland,159.0,141.0,207.0,191.0,23.0,179.0,312.0,21.0,70.0,171844.0,173145.0,2021
Male,35-39 years,South Australia,22.0,74.0,59.0,58.0,11.0,77.0,126.0,3.0,7.0,57937.0,58369.0,2021
Male,35-39 years,Western Australia,153.0,60.0,134.0,38.0,0.0,95.0,136.0,18.0,18.0,99444.0,100094.0,2021
Male,35-39 years,Tasmania,13.0,13.0,28.0,14.0,0.0,24.0,49.0,4.0,10.0,16714.0,16863.0,2021
Male,35-39 years,Northern Territory,33.0,80.0,31.0,7.0,0.0,263.0,141.0,4.0,4.0,9796.0,10351.0,2021
Male,35-39 years,Australian Capital Territory,6.0,30.0,15.0,8.0,0.0,22.0,49.0,0.0,0.0,18153.0,18276.0,2021
Male,35-39 years,Other Territories,0.0,0.0,0.0,0.0,0.0,0.0,0.0,0.0,0.0,192.0,198.0,2021
Male,40-44 years,New South Wales,74.0,142.0,182.0,432.0,91.0,418.0,770.0,15.0,73.0,256252.0,258449.0,2021
Male,40-44 years,Victoria,103.0,219.0,114.0,439.0,89.0,178.0,404.0,6.0,53.0,210000.0,211600.0,2021
Male,40-44 years,Queensland,145.0,126.0,167.0,191.0,29.0,151.0,303.0,33.0,107.0,159972.0,161224.0,2021
Male,40-44 years,South Australia,16.0,84.0,60.0,29.0,4.0,66.0,102.0,6.0,20.0,52808.0,53200.0,2021
Male,40-44 years,Western Australia,216.0,45.0,104.0,38.0,5.0,73.0,123.0,24.0,28.0,89257.0,89922.0,2021
Male,40-44 years,Tasmania,20.0,13.0,20.0,7.0,5.0,11.0,23.0,6.0,5.0,14847.0,14948.0,2021
Male,40-44 years,Northern Territory,36.0,58.0,26.0,4.0,0.0,245.0,131.0,3.0,3.0,8426.0,8941.0,2021
Male,40-44 years,Australian Capital Territory,11.0,48.0,7.0,8.0,0.0,15.0,31.0,0.0,3.0,15835.0,15956.0,2021
Male,40-44 years,Other Territories,0.0,0.0,0.0,0.0,0.0,0.0,0.0,0.0,0.0,169.0,169.0,2021
Male,45-49 years,New South Wales,68.0,120.0,178.0,511.0,95.0,361.0,622.0,24.0,111.0,250991.0,253089.0,2021
Male,45-49 years,Victoria,87.0,236.0,118.0,431.0,93.0,186.0,392.0,15.0,89.0,200925.0,202581.0,2021
Male,45-49 years,Queensland,151.0,154.0,157.0,244.0,23.0,155.0,275.0,46.0,137.0,164625.0,165967.0,2021
Male,45-49 years,South Australia,30.0,44.0,56.0,31.0,4.0,51.0,103.0,3.0,29.0,53799.0,54143.0,2021
Male,45-49 years,Western Australia,197.0,41.0,92.0,44.0,0.0,57.0,114.0,12.0,45.0,87021.0,87632.0,2021
Male,45-49 years,Tasmania,7.0,15.0,25.0,17.0,0.0,12.0,22.0,3.0,19.0,15911.0,16026.0,2021
Male,45-49 years,Northern Territory,44.0,85.0,23.0,0.0,0.0,200.0,117.0,5.0,4.0,7892.0,8380.0,2021
Male,45-49 years,Australian Capital Territory,6.0,34.0,12.0,8.0,0.0,12.0,26.0,0.0,0.0,14436.0,14523.0,2021
Male,45-49 years,Other Territories,0.0,0.0,0.0,0.0,0.0,0.0,0.0,0.0,0.0,179.0,178.0,2021
Male,50-54 years,New South Wales,85.0,113.0,135.0,555.0,74.0,321.0,611.0,24.0,108.0,241197.0,243224.0,2021
Male,50-54 years,Victoria,117.0,158.0,97.0,431.0,59.0,182.0,391.0,6.0,100.0,196542.0,198089.0,2021
Male,50-54 years,Queensland,151.0,114.0,158.0,235.0,13.0,123.0,268.0,42.0,186.0,161542.0,162831.0,2021
Male,50-54 years,South Australia,27.0,42.0,57.0,64.0,4.0,35.0,96.0,7.0,32.0,56114.0,56476.0,2021
Male,50-54 years,Western Australia,204.0,38.0,83.0,28.0,3.0,39.0,115.0,29.0,54.0,86790.0,87373.0,2021
Male,50-54 years,Tasmania,16.0,10.0,31.0,16.0,3.0,9.0,15.0,3.0,18.0,17026.0,17140.0,2021
Male,50-54 years,Northern Territory,47.0,84.0,21.0,0.0,0.0,184.0,89.0,5.0,9.0,8074.0,8519.0,2021
Male,50-54 years,Australian Capital Territory,0.0,41.0,11.0,9.0,0.0,16.0,17.0,0.0,4.0,13212.0,13302.0,2021
Male,50-54 years,Other Territories,0.0,0.0,0.0,0.0,0.0,0.0,0.0,0.0,0.0,208.0,208.0,2021
Male,55-59 years,New South Wales,80.0,97.0,142.0,532.0,55.0,305.0,540.0,50.0,172.0,237683.0,239659.0,2021
Male,55-59 years,Victoria,73.0,87.0,86.0,357.0,54.0,115.0,311.0,3.0,148.0,183933.0,185182.0,2021
Male,55-59 years,Queensland,133.0,65.0,164.0,225.0,12.0,124.0,210.0,60.0,240.0,153364.0,154584.0,2021
Male,55-59 years,South Australia,37.0,20.0,52.0,39.0,8.0,49.0,73.0,8.0,28.0,55443.0,55752.0,2021
Male,55-59 years,Western Australia,137.0,30.0,74.0,48.0,0.0,33.0,79.0,28.0,66.0,80984.0,81469.0,2021
Male,55-59 years,Tasmania,8.0,4.0,21.0,10.0,0.0,7.0,12.0,5.0,15.0,17669.0,17749.0,2021
Male,55-59 years,Northern Territory,50.0,74.0,28.0,4.0,0.0,112.0,74.0,10.0,17.0,7721.0,8082.0,2021
Male,55-59 years,Australian Capital Territory,4.0,38.0,3.0,0.0,0.0,6.0,15.0,0.0,0.0,11471.0,11538.0,2021
Male,55-59 years,Other Territories,0.0,0.0,0.0,0.0,0.0,0.0,0.0,0.0,0.0,217.0,223.0,2021
Male,60-64 years,New South Wales,53.0,72.0,143.0,545.0,32.0,188.0,368.0,40.0,177.0,225525.0,227142.0,2021
Male,60-64 years,Victoria,70.0,51.0,77.0,351.0,36.0,103.0,190.0,23.0,131.0,170965.0,172002.0,2021
Male,60-64 years,Queensland,88.0,61.0,205.0,219.0,23.0,109.0,140.0,72.0,256.0,146161.0,147326.0,2021
Male,60-64 years,South Australia,28.0,24.0,57.0,43.0,0.0,38.0,46.0,7.0,43.0,53942.0,54230.0,2021
Male,60-64 years,Western Australia,98.0,38.0,72.0,39.0,6.0,35.0,46.0,29.0,50.0,74177.0,74586.0,2021
Male,60-64 years,Tasmania,18.0,4.0,10.0,16.0,0.0,3.0,12.0,6.0,20.0,17995.0,18086.0,2021
Male,60-64 years,Northern Territory,25.0,47.0,19.0,0.0,3.0,91.0,48.0,9.0,16.0,7270.0,7531.0,2021
Male,60-64 years,Australian Capital Territory,0.0,17.0,7.0,0.0,0.0,7.0,0.0,0.0,3.0,9979.0,10020.0,2021
Male,60-64 years,Other Territories,0.0,0.0,0.0,0.0,0.0,0.0,0.0,0.0,0.0,228.0,234.0,2021
Male,65-69 years,New South Wales,61.0,43.0,125.0,386.0,27.0,129.0,264.0,36.0,157.0,197503.0,198730.0,2021
Male,65-69 years,Victoria,43.0,31.0,81.0,243.0,33.0,72.0,135.0,17.0,132.0,148509.0,149294.0,2021
Male,65-69 years,Queensland,57.0,55.0,214.0,158.0,19.0,64.0,112.0,69.0,272.0,131596.0,132626.0,2021
Male,65-69 years,South Australia,17.0,11.0,42.0,26.0,0.0,13.0,26.0,8.0,44.0,48347.0,48531.0,2021
Male,65-69 years,Western Australia,62.0,22.0,48.0,24.0,3.0,18.0,33.0,24.0,92.0,64461.0,64776.0,2021
Male,65-69 years,Tasmania,21.0,0.0,15.0,24.0,0.0,4.0,6.0,3.0,19.0,16478.0,16575.0,2021
Male,65-69 years,Northern Territory,24.0,45.0,18.0,0.0,9.0,58.0,28.0,13.0,23.0,6515.0,6734.0,2021
Male,65-69 years,Australian Capital Territory,3.0,12.0,8.0,0.0,0.0,0.0,3.0,0.0,0.0,8408.0,8439.0,2021
Male,65-69 years,Other Territories,0.0,0.0,0.0,0.0,0.0,0.0,0.0,0.0,0.0,191.0,191.0,2021
Male,70-74 years,New South Wales,29.0,9.0,106.0,310.0,12.0,75.0,154.0,41.0,159.0,177977.0,178865.0,2021
Male,70-74 years,Victoria,21.0,34.0,41.0,145.0,4.0,43.0,88.0,11.0,142.0,130934.0,131457.0,2021
Male,70-74 years,Queensland,46.0,34.0,149.0,131.0,14.0,38.0,85.0,47.0,266.0,120891.0,121706.0,2021
Male,70-74 years,South Australia,7.0,9.0,29.0,17.0,3.0,6.0,22.0,6.0,30.0,44182.0,44312.0,2021
Male,70-74 years,Western Australia,57.0,14.0,33.0,10.0,0.0,20.0,22.0,18.0,70.0,56806.0,57050.0,2021
Male,70-74 years,Tasmania,18.0,4.0,6.0,9.0,0.0,0.0,5.0,0.0,20.0,14939.0,15001.0,2021
Male,70-74 years,Northern Territory,6.0,24.0,16.0,0.0,0.0,33.0,20.0,12.0,11.0,4827.0,4948.0,2021
Male,70-74 years,Australian Capital Territory,3.0,5.0,4.0,0.0,0.0,0.0,0.0,0.0,0.0,7748.0,7770.0,2021
Male,70-74 years,Other Territories,0.0,0.0,0.0,0.0,0.0,0.0,0.0,0.0,0.0,170.0,170.0,2021
Male,75-79 years,New South Wales,15.0,8.0,42.0,144.0,7.0,38.0,85.0,22.0,111.0,126932.0,127397.0,2021
Male,75-79 years,Victoria,10.0,15.0,25.0,93.0,7.0,19.0,40.0,6.0,91.0,93146.0,93440.0,2021
Male,75-79 years,Queensland,21.0,16.0,74.0,69.0,7.0,24.0,31.0,31.0,140.0,84315.0,84729.0,2021
Male,75-79 years,South Australia,0.0,6.0,10.0,14.0,0.0,3.0,8.0,0.0,18.0,31041.0,31107.0,2021
Male,75-79 years,Western Australia,26.0,12.0,15.0,22.0,3.0,6.0,15.0,6.0,39.0,37763.0,37907.0,2021
Male,75-79 years,Tasmania,5.0,0.0,4.0,5.0,0.0,0.0,0.0,0.0,3.0,10203.0,10222.0,2021
Male,75-79 years,Northern Territory,4.0,13.0,9.0,0.0,0.0,18.0,7.0,0.0,15.0,2387.0,2458.0,2021
Male,75-79 years,Australian Capital Territory,0.0,7.0,4.0,0.0,0.0,0.0,3.0,0.0,4.0,5273.0,5291.0,2021
Male,75-79 years,Other Territories,0.0,0.0,0.0,0.0,0.0,0.0,0.0,0.0,0.0,93.0,93.0,2021
Male,80-84 years,New South Wales,0.0,5.0,22.0,65.0,5.0,25.0,53.0,10.0,62.0,82753.0,83003.0,2021
Male,80-84 years,Victoria,3.0,3.0,10.0,48.0,3.0,19.0,27.0,8.0,31.0,62742.0,62878.0,2021
Male,80-84 years,Queensland,8.0,3.0,19.0,39.0,0.0,9.0,20.0,6.0,69.0,50870.0,51049.0,2021
Male,80-84 years,South Australia,0.0,0.0,0.0,3.0,0.0,0.0,4.0,4.0,7.0,20215.0,20230.0,2021
Male,80-84 years,Western Australia,9.0,16.0,5.0,8.0,0.0,4.0,7.0,8.0,14.0,24218.0,24278.0,2021
Male,80-84 years,Tasmania,0.0,0.0,0.0,3.0,0.0,0.0,0.0,0.0,3.0,6570.0,6580.0,2021
Male,80-84 years,Northern Territory,0.0,6.0,0.0,0.0,0.0,9.0,9.0,0.0,3.0,1076.0,1104.0,2021
Male,80-84 years,Australian Capital Territory,0.0,0.0,0.0,0.0,0.0,0.0,0.0,0.0,0.0,3295.0,3296.0,2021
Male,80-84 years,Other Territories,0.0,0.0,0.0,0.0,0.0,0.0,0.0,0.0,0.0,58.0,58.0,2021
Male,85-89 years,New South Wales,4.0,4.0,4.0,38.0,0.0,8.0,22.0,9.0,30.0,45951.0,46069.0,2021
Male,85-89 years,Victoria,0.0,3.0,0.0,0.0,0.0,5.0,8.0,0.0,12.0,35140.0,35174.0,2021
Male,85-89 years,Queensland,6.0,3.0,3.0,3.0,0.0,5.0,8.0,5.0,17.0,25604.0,25657.0,2021
Male,85-89 years,South Australia,0.0,3.0,6.0,0.0,0.0,0.0,6.0,0.0,0.0,11533.0,11544.0,2021
Male,85-89 years,Western Australia,0.0,9.0,0.0,3.0,0.0,0.0,0.0,0.0,8.0,12874.0,12900.0,2021
Male,85-89 years,Tasmania,0.0,0.0,0.0,0.0,0.0,0.0,0.0,0.0,0.0,3349.0,3347.0,2021
Male,85-89 years,Northern Territory,0.0,0.0,0.0,0.0,0.0,10.0,3.0,0.0,0.0,360.0,377.0,2021
Male,85-89 years,Australian Capital Territory,0.0,0.0,0.0,0.0,0.0,0.0,0.0,0.0,0.0,1842.0,1850.0,2021
Male,85-89 years,Other Territories,0.0,0.0,0.0,0.0,0.0,0.0,0.0,0.0,0.0,19.0,23.0,2021
Male,90-94 years,New South Wales,0.0,0.0,0.0,9.0,0.0,4.0,9.0,0.0,11.0,20041.0,20069.0,2021
Male,90-94 years,Victoria,0.0,0.0,0.0,0.0,0.0,6.0,7.0,0.0,7.0,15596.0,15614.0,2021
Male,90-94 years,Queensland,0.0,3.0,0.0,4.0,0.0,4.0,4.0,4.0,15.0,10507.0,10534.0,2021
Male,90-94 years,South Australia,0.0,0.0,0.0,6.0,0.0,0.0,5.0,0.0,0.0,5218.0,5228.0,2021
Male,90-94 years,Western Australia,0.0,13.0,3.0,4.0,0.0,0.0,0.0,0.0,3.0,5373.0,5392.0,2021
Male,90-94 years,Tasmania,0.0,0.0,0.0,0.0,0.0,0.0,0.0,0.0,0.0,1370.0,1370.0,2021
Male,90-94 years,Northern Territory,0.0,0.0,0.0,0.0,0.0,3.0,4.0,0.0,0.0,138.0,139.0,2021
Male,90-94 years,Australian Capital Territory,0.0,0.0,0.0,0.0,0.0,0.0,0.0,0.0,0.0,807.0,807.0,2021
Male,90-94 years,Other Territories,0.0,0.0,0.0,0.0,0.0,0.0,0.0,0.0,0.0,13.0,13.0,2021
Male,95-99 years,New South Wales,0.0,0.0,0.0,0.0,0.0,0.0,5.0,0.0,6.0,4441.0,4450.0,2021
Male,95-99 years,Victoria,0.0,0.0,0.0,0.0,0.0,4.0,0.0,0.0,4.0,3531.0,3538.0,2021
Male,95-99 years,Queensland,0.0,0.0,0.0,0.0,0.0,4.0,4.0,0.0,0.0,2196.0,2208.0,2021
Male,95-99 years,South Australia,0.0,0.0,0.0,0.0,0.0,0.0,0.0,0.0,0.0,1254.0,1254.0,2021
Male,95-99 years,Western Australia,0.0,3.0,0.0,0.0,0.0,0.0,0.0,0.0,0.0,1237.0,1244.0,2021
Male,95-99 years,Tasmania,0.0,0.0,0.0,0.0,0.0,0.0,0.0,0.0,0.0,271.0,271.0,2021
Male,95-99 years,Northern Territory,0.0,0.0,0.0,0.0,0.0,3.0,0.0,0.0,0.0,24.0,32.0,2021
Male,95-99 years,Australian Capital Territory,0.0,0.0,0.0,0.0,0.0,0.0,0.0,0.0,0.0,193.0,193.0,2021
Male,95-99 years,Other Territories,0.0,0.0,0.0,0.0,0.0,0.0,0.0,0.0,0.0,0.0,0.0,2021
Male,100 years and over,New South Wales,0.0,0.0,0.0,0.0,0.0,0.0,0.0,0.0,0.0,394.0,394.0,2021
Male,100 years and over,Victoria,0.0,0.0,0.0,0.0,0.0,0.0,0.0,0.0,0.0,292.0,292.0,2021
Male,100 years and over,Queensland,0.0,0.0,0.0,0.0,0.0,0.0,0.0,0.0,0.0,195.0,194.0,2021
Male,100 years and over,South Australia,0.0,0.0,0.0,0.0,0.0,0.0,0.0,0.0,0.0,147.0,147.0,2021
Male,100 years and over,Western Australia,0.0,0.0,0.0,0.0,0.0,0.0,0.0,0.0,0.0,105.0,109.0,2021
Male,100 years and over,Tasmania,0.0,0.0,0.0,0.0,0.0,0.0,0.0,0.0,0.0,18.0,18.0,2021
Male,100 years and over,Northern Territory,0.0,0.0,0.0,0.0,0.0,0.0,0.0,0.0,0.0,4.0,4.0,2021
Male,100 years and over,Australian Capital Territory,0.0,0.0,0.0,0.0,0.0,0.0,0.0,0.0,0.0,11.0,11.0,2021
Male,100 years and over,Other Territories,0.0,0.0,0.0,0.0,0.0,0.0,0.0,0.0,0.0,0.0,0.0,2021
Male,Total,New South Wales,657.0,2242.0,2250.0,6342.0,854.0,8003.0,15886.0,377.0,1457.0,3936313.0,3974388.0,2021
Male,Total,Victoria,769.0,3572.0,1394.0,6088.0,852.0,4958.0,10336.0,147.0,1124.0,3149854.0,3179099.0,2021
Male,Total,Queensland,1325.0,2004.0,2638.0,2370.0,221.0,3951.0,7083.0,620.0,2103.0,2535896.0,2558214.0,2021
Male,Total,South Australia,228.0,1115.0,727.0,501.0,102.0,1270.0,2358.0,76.0,318.0,867486.0,874185.0,2021
Male,Total,Western Australia,1512.0,722.0,1156.0,469.0,52.0,1435.0,2662.0,244.0,592.0,1320516.0,1329364.0,2021
Male,Total,Tasmania,158.0,254.0,329.0,186.0,13.0,387.0,759.0,42.0,144.0,269007.0,271277.0,2021
Male,Total,Northern Territory,365.0,880.0,344.0,42.0,19.0,4689.0,2463.0,92.0,132.0,123528.0,132550.0,2021
Male,Total,Australian Capital Territory,44.0,492.0,135.0,99.0,0.0,278.0,587.0,0.0,16.0,221538.0,223190.0,2021
Male,Total,Other Territories,0.0,0.0,3.0,0.0,0.0,3.0,6.0,0.0,0.0,2867.0,2883.0,2021
Female,0-4 years,New South Wales,4.0,252.0,78.0,20.0,24.0,487.0,1067.0,8.0,23.0,225202.0,227178.0,2021
Female,0-4 years,Victoria,0.0,401.0,64.0,15.0,33.0,330.0,684.0,6.0,14.0,181308.0,182851.0,2021
Female,0-4 years,Queensland,4.0,202.0,105.0,5.0,4.0,371.0,620.0,20.0,31.0,140663.0,142031.0,2021
Female,0-4 years,South Australia,3.0,163.0,21.0,0.0,10.0,76.0,167.0,0.0,5.0,45422.0,45870.0,2021
Female,0-4 years,Western Australia,11.0,44.0,61.0,4.0,0.0,128.0,261.0,11.0,11.0,78019.0,78544.0,2021
Female,0-4 years,Tasmania,0.0,26.0,7.0,0.0,0.0,25.0,67.0,0.0,5.0,13620.0,13758.0,2021
Female,0-4 years,Northern Territory,6.0,66.0,16.0,0.0,0.0,441.0,226.0,0.0,3.0,7283.0,8046.0,2021
Female,0-4 years,Australian Capital Territory,0.0,40.0,3.0,0.0,0.0,19.0,30.0,0.0,0.0,12777.0,12875.0,2021
Female,0-4 years,Other Territories,0.0,0.0,0.0,0.0,0.0,0.0,0.0,0.0,0.0,112.0,112.0,2021
Female,5-9 years,New South Wales,3.0,207.0,76.0,14.0,28.0,537.0,1182.0,6.0,16.0,240971.0,243025.0,2021
Female,5-9 years,Victoria,0.0,418.0,46.0,4.0,38.0,354.0,759.0,3.0,14.0,193378.0,195026.0,2021
Female,5-9 years,Queensland,16.0,168.0,101.0,0.0,3.0,347.0,754.0,17.0,21.0,159200.0,160630.0,2021
Female,5-9 years,South Australia,0.0,119.0,25.0,0.0,13.0,106.0,201.0,7.0,0.0,49912.0,50379.0,2021
Female,5-9 years,Western Australia,13.0,29.0,49.0,3.0,3.0,127.0,288.0,10.0,8.0,83760.0,84295.0,2021
Female,5-9 years,Tasmania,0.0,24.0,9.0,0.0,0.0,37.0,72.0,4.0,0.0,15093.0,15239.0,2021
Female,5-9 years,Northern Territory,8.0,42.0,6.0,0.0,0.0,525.0,258.0,6.0,3.0,7758.0,8605.0,2021
Female,5-9 years,Australian Capital Territory,0.0,38.0,0.0,0.0,0.0,7.0,19.0,0.0,0.0,14013.0,14088.0,2021
Female,5-9 years,Other Territories,0.0,0.0,0.0,0.0,0.0,0.0,0.0,0.0,0.0,144.0,141.0,2021
Female,10-14 years,New South Wales,7.0,222.0,68.0,14.0,24.0,535.0,1172.0,3.0,19.0,241392.0,243457.0,2021
Female,10-14 years,Victoria,0.0,338.0,48.0,5.0,43.0,361.0,815.0,4.0,6.0,188246.0,189863.0,2021
Female,10-14 years,Queensland,23.0,173.0,91.0,0.0,0.0,366.0,831.0,29.0,23.0,164934.0,166475.0,2021
Female,10-14 years,South Australia,5.0,108.0,33.0,0.0,9.0,115.0,249.0,7.0,3.0,50675.0,51198.0,2021
Female,10-14 years,Western Australia,11.0,35.0,38.0,0.0,0.0,153.0,284.0,10.0,6.0,82873.0,83406.0,2021
Female,10-14 years,Tasmania,0.0,20.0,12.0,0.0,0.0,28.0,63.0,5.0,0.0,15940.0,16069.0,2021
Female,10-14 years,Northern Territory,9.0,37.0,13.0,0.0,0.0,489.0,245.0,0.0,0.0,7024.0,7819.0,2021
Female,10-14 years,Australian Capital Territory,0.0,26.0,3.0,0.0,0.0,7.0,22.0,0.0,0.0,12993.0,13044.0,2021
Female,10-14 years,Other Territories,0.0,0.0,0.0,0.0,0.0,0.0,0.0,0.0,0.0,130.0,130.0,2021
Female,15-19 years,New South Wales,8.0,375.0,116.0,108.0,49.0,608.0,1314.0,18.0,17.0,218905.0,221518.0,2021
Female,15-19 years,Victoria,6.0,471.0,65.0,99.0,45.0,470.0,999.0,4.0,15.0,174561.0,176735.0,2021
Female,15-19 years,Queensland,29.0,239.0,136.0,20.0,9.0,480.0,847.0,10.0,33.0,151252.0,153060.0,2021
Female,15-19 years,South Australia,3.0,204.0,46.0,8.0,6.0,115.0,264.0,0.0,3.0,47324.0,47975.0,2021
Female,15-19 years,Western Australia,27.0,129.0,60.0,6.0,4.0,168.0,299.0,8.0,8.0,73827.0,74526.0,2021
Female,15-19 years,Tasmania,4.0,50.0,24.0,4.0,0.0,31.0,59.0,4.0,3.0,14319.0,14499.0,2021
Female,15-19 years,Northern Territory,8.0,71.0,22.0,0.0,0.0,544.0,275.0,0.0,4.0,6095.0,7018.0,2021
Female,15-19 years,Australian Capital Territory,0.0,55.0,11.0,4.0,0.0,11.0,36.0,0.0,0.0,12919.0,13041.0,2021
Female,15-19 years,Other Territories,0.0,0.0,0.0,0.0,0.0,0.0,0.0,0.0,0.0,108.0,109.0,2021
Female,20-24 years,New South Wales,20.0,325.0,170.0,396.0,50.0,922.0,1931.0,6.0,32.0,237072.0,240932.0,2021
Female,20-24 years,Victoria,15.0,457.0,117.0,609.0,50.0,617.0,1340.0,0.0,17.0,196232.0,199449.0,2021
Female,20-24 years,Queensland,58.0,235.0,214.0,78.0,16.0,514.0,843.0,25.0,53.0,159201.0,161218.0,2021
Female,20-24 years,South Australia,5.0,193.0,47.0,25.0,0.0,148.0,286.0,0.0,10.0,52115.0,52836.0,2021
Female,20-24 years,Western Australia,46.0,128.0,77.0,19.0,4.0,178.0,310.0,7.0,10.0,76846.0,77610.0,2021
Female,20-24 years,Tasmania,0.0,55.0,29.0,6.0,0.0,38.0,65.0,0.0,5.0,15039.0,15236.0,2021
Female,20-24 years,Northern Territory,7.0,54.0,27.0,0.0,0.0,564.0,270.0,5.0,8.0,7085.0,8025.0,2021
Female,20-24 years,Australian Capital Territory,0.0,33.0,20.0,8.0,0.0,16.0,65.0,0.0,0.0,17127.0,17284.0,2021
Female,20-24 years,Other Territories,0.0,0.0,0.0,0.0,0.0,0.0,0.0,0.0,0.0,121.0,123.0,2021
Female,25-29 years,New South Wales,31.0,268.0,201.0,494.0,61.0,832.0,1571.0,9.0,37.0,273869.0,277374.0,2021
Female,25-29 years,Victoria,18.0,369.0,143.0,485.0,78.0,480.0,1058.0,9.0,25.0,232484.0,235153.0,2021
Female,25-29 years,Queensland,51.0,189.0,224.0,95.0,27.0,422.0,662.0,30.0,66.0,174353.0,176119.0,2021
Female,25-29 years,South Australia,4.0,105.0,75.0,32.0,16.0,135.0,209.0,6.0,4.0,57146.0,57740.0,2021
Female,25-29 years,Western Australia,64.0,53.0,97.0,14.0,11.0,151.0,235.0,11.0,20.0,87351.0,88009.0,2021
Female,25-29 years,Tasmania,0.0,20.0,27.0,20.0,0.0,40.0,102.0,6.0,5.0,19002.0,19215.0,2021
Female,25-29 years,Northern Territory,26.0,68.0,42.0,8.0,0.0,516.0,240.0,8.0,0.0,10679.0,11588.0,2021
Female,25-29 years,Australian Capital Territory,3.0,40.0,15.0,3.0,6.0,32.0,87.0,0.0,0.0,19313.0,19504.0,2021
Female,25-29 years,Other Territories,0.0,0.0,0.0,0.0,0.0,0.0,0.0,0.0,0.0,140.0,140.0,2021
Female,30-34 years,New South Wales,20.0,251.0,188.0,365.0,62.0,544.0,1170.0,14.0,38.0,296943.0,299605.0,2021
Female,30-34 years,Victoria,23.0,391.0,119.0,316.0,94.0,308.0,632.0,7.0,28.0,253723.0,255647.0,2021
Female,30-34 years,Queensland,68.0,148.0,203.0,77.0,22.0,283.0,506.0,29.0,47.0,181136.0,182517.0,2021
Female,30-34 years,South Australia,10.0,118.0,57.0,14.0,23.0,81.0,127.0,4.0,7.0,59211.0,59661.0,2021
Female,30-34 years,Western Australia,87.0,76.0,97.0,9.0,9.0,147.0,185.0,13.0,24.0,99803.0,100461.0,2021
Female,30-34 years,Tasmania,0.0,21.0,22.0,5.0,7.0,42.0,75.0,0.0,0.0,18978.0,19155.0,2021
Female,30-34 years,Northern Territory,36.0,76.0,45.0,6.0,0.0,427.0,232.0,3.0,0.0,11200.0,12022.0,2021
Female,30-34 years,Australian Capital Territory,0.0,34.0,9.0,10.0,0.0,25.0,63.0,0.0,0.0,19336.0,19471.0,2021
Female,30-34 years,Other Territories,0.0,0.0,0.0,0.0,0.0,0.0,0.0,0.0,0.0,154.0,158.0,2021
Female,35-39 years,New South Wales,20.0,225.0,129.0,226.0,86.0,449.0,917.0,9.0,45.0,292285.0,294386.0,2021
Female,35-39 years,Victoria,34.0,387.0,86.0,172.0,111.0,213.0,506.0,9.0,34.0,247286.0,248826.0,2021
Female,35-39 years,Queensland,81.0,168.0,149.0,57.0,29.0,191.0,402.0,28.0,36.0,183343.0,184482.0,2021
Female,35-39 years,South Australia,13.0,115.0,41.0,14.0,26.0,61.0,150.0,0.0,12.0,60006.0,60438.0,2021
Female,35-39 years,Western Australia,100.0,53.0,95.0,13.0,10.0,86.0,150.0,9.0,24.0,100978.0,101511.0,2021
Female,35-39 years,Tasmania,3.0,16.0,27.0,5.0,0.0,14.0,47.0,0.0,9.0,17723.0,17827.0,2021
Female,35-39 years,Northern Territory,29.0,79.0,26.0,0.0,0.0,403.0,156.0,8.0,9.0,9853.0,10567.0,2021
Female,35-39 years,Australian Capital Territory,0.0,28.0,12.0,4.0,0.0,14.0,26.0,0.0,0.0,18814.0,18896.0,2021
Female,35-39 years,Other Territories,0.0,0.0,0.0,0.0,0.0,0.0,0.0,0.0,0.0,182.0,187.0,2021
Female,40-44 years,New South Wales,29.0,202.0,111.0,145.0,50.0,361.0,797.0,7.0,56.0,262031.0,263790.0,2021
Female,40-44 years,Victoria,29.0,326.0,61.0,149.0,77.0,196.0,442.0,0.0,49.0,214445.0,215783.0,2021
Female,40-44 years,Queensland,93.0,160.0,112.0,45.0,21.0,188.0,390.0,21.0,57.0,168818.0,169905.0,2021
Female,40-44 years,South Australia,16.0,76.0,39.0,9.0,13.0,47.0,132.0,0.0,10.0,53921.0,54258.0,2021
Female,40-44 years,Western Australia,103.0,46.0,72.0,14.0,4.0,74.0,175.0,11.0,11.0,89014.0,89519.0,2021
Female,40-44 years,Tasmania,10.0,9.0,21.0,5.0,0.0,23.0,29.0,3.0,3.0,16107.0,16216.0,2021
Female,40-44 years,Northern Territory,29.0,72.0,20.0,0.0,0.0,287.0,153.0,6.0,0.0,8211.0,8783.0,2021
Female,40-44 years,Australian Capital Territory,3.0,24.0,7.0,0.0,0.0,15.0,23.0,0.0,0.0,15960.0,16029.0,2021
Female,40-44 years,Other Territories,0.0,0.0,0.0,0.0,0.0,0.0,0.0,0.0,0.0,147.0,147.0,2021
Female,45-49 years,New South Wales,29.0,172.0,104.0,129.0,45.0,332.0,812.0,17.0,42.0,261330.0,263009.0,2021
Female,45-49 years,Victoria,32.0,254.0,63.0,143.0,47.0,235.0,532.0,9.0,45.0,211259.0,212622.0,2021
Female,45-49 years,Queensland,66.0,110.0,138.0,45.0,26.0,198.0,399.0,27.0,67.0,173591.0,174675.0,2021
Female,45-49 years,South Australia,12.0,66.0,26.0,14.0,15.0,57.0,119.0,3.0,20.0,55056.0,55386.0,2021
Female,45-49 years,Western Australia,108.0,53.0,64.0,25.0,0.0,68.0,125.0,11.0,25.0,87162.0,87629.0,2021
Female,45-49 years,Tasmania,3.0,14.0,8.0,0.0,0.0,9.0,40.0,3.0,8.0,17044.0,17135.0,2021
Female,45-49 years,Northern Territory,41.0,73.0,27.0,0.0,0.0,251.0,145.0,7.0,3.0,7504.0,8051.0,2021
Female,45-49 years,Australian Capital Territory,0.0,8.0,11.0,0.0,0.0,10.0,23.0,0.0,0.0,14721.0,14764.0,2021
Female,45-49 years,Other Territories,0.0,0.0,0.0,0.0,0.0,0.0,0.0,0.0,0.0,172.0,169.0,2021
Female,50-54 years,New South Wales,28.0,100.0,123.0,138.0,32.0,329.0,665.0,34.0,72.0,254498.0,256019.0,2021
Female,50-54 years,Victoria,34.0,171.0,59.0,131.0,41.0,186.0,405.0,11.0,47.0,209336.0,210424.0,2021
Female,50-54 years,Queensland,76.0,78.0,162.0,38.0,18.0,163.0,310.0,37.0,99.0,170599.0,171582.0,2021
Female,50-54 years,South Australia,8.0,55.0,34.0,7.0,6.0,44.0,88.0,0.0,19.0,57671.0,57926.0,2021
Female,50-54 years,Western Australia,61.0,51.0,69.0,5.0,0.0,70.0,127.0,26.0,42.0,86598.0,87047.0,2021
Female,50-54 years,Tasmania,3.0,4.0,17.0,5.0,5.0,11.0,17.0,4.0,6.0,18560.0,18629.0,2021
Female,50-54 years,Northern Territory,38.0,80.0,30.0,0.0,4.0,234.0,124.0,5.0,9.0,7950.0,8475.0,2021
Female,50-54 years,Australian Capital Territory,0.0,8.0,10.0,4.0,0.0,9.0,16.0,0.0,0.0,13424.0,13464.0,2021
Female,50-54 years,Other Territories,0.0,0.0,0.0,0.0,0.0,0.0,0.0,0.0,0.0,210.0,210.0,2021
Female,55-59 years,New South Wales,35.0,72.0,118.0,105.0,19.0,235.0,427.0,29.0,71.0,247906.0,249019.0,2021
Female,55-59 years,Victoria,15.0,98.0,91.0,116.0,28.0,107.0,264.0,12.0,50.0,194827.0,195599.0,2021
Female,55-59 years,Queensland,70.0,68.0,168.0,35.0,12.0,132.0,216.0,53.0,127.0,162935.0,163813.0,2021
Female,55-59 years,South Australia,0.0,18.0,39.0,18.0,3.0,28.0,53.0,5.0,10.0,57735.0,57921.0,2021
Female,55-59 years,Western Australia,44.0,33.0,60.0,7.0,0.0,59.0,75.0,21.0,43.0,81894.0,82236.0,2021
Female,55-59 years,Tasmania,9.0,3.0,22.0,0.0,0.0,5.0,20.0,4.0,8.0,18816.0,18897.0,2021
Female,55-59 years,Northern Territory,24.0,74.0,17.0,0.0,5.0,178.0,93.0,0.0,6.0,7422.0,7827.0,2021
Female,55-59 years,Australian Capital Territory,0.0,9.0,3.0,3.0,0.0,4.0,5.0,0.0,0.0,12126.0,12148.0,2021
Female,55-59 years,Other Territories,0.0,0.0,0.0,0.0,0.0,0.0,4.0,0.0,0.0,207.0,209.0,2021
Female,60-64 years,New South Wales,35.0,55.0,140.0,109.0,8.0,162.0,350.0,32.0,82.0,240912.0,241886.0,2021
Female,60-64 years,Victoria,22.0,72.0,74.0,107.0,24.0,83.0,167.0,11.0,60.0,184204.0,184830.0,2021
Female,60-64 years,Queensland,38.0,70.0,189.0,34.0,18.0,93.0,164.0,51.0,135.0,156041.0,156831.0,2021
Female,60-64 years,South Australia,6.0,23.0,46.0,10.0,4.0,29.0,38.0,0.0,20.0,57351.0,57524.0,2021
Female,60-64 years,Western Australia,53.0,28.0,59.0,7.0,5.0,27.0,67.0,17.0,44.0,77173.0,77478.0,2021
Female,60-64 years,Tasmania,10.0,5.0,14.0,12.0,0.0,9.0,15.0,4.0,11.0,19392.0,19466.0,2021
Female,60-64 years,Northern Territory,22.0,74.0,24.0,0.0,3.0,146.0,67.0,7.0,10.0,7307.0,7657.0,2021
Female,60-64 years,Australian Capital Territory,0.0,7.0,16.0,0.0,0.0,4.0,4.0,0.0,0.0,11010.0,11043.0,2021
Female,60-64 years,Other Territories,0.0,0.0,0.0,0.0,0.0,0.0,0.0,0.0,0.0,225.0,232.0,2021
Female,65-69 years,New South Wales,25.0,35.0,94.0,76.0,10.0,114.0,251.0,28.0,98.0,213568.0,214301.0,2021
Female,65-69 years,Victoria,13.0,38.0,40.0,73.0,5.0,54.0,127.0,3.0,59.0,162491.0,162899.0,2021
Female,65-69 years,Queensland,29.0,45.0,162.0,30.0,19.0,55.0,119.0,34.0,162.0,139801.0,140465.0,2021
Female,65-69 years,South Australia,9.0,12.0,24.0,0.0,0.0,15.0,37.0,6.0,20.0,52170.0,52284.0,2021
Female,65-69 years,Western Australia,33.0,17.0,47.0,7.0,0.0,33.0,42.0,7.0,58.0,68791.0,69035.0,2021
Female,65-69 years,Tasmania,6.0,3.0,8.0,9.0,3.0,6.0,6.0,0.0,10.0,17441.0,17490.0,2021
Female,65-69 years,Northern Territory,9.0,41.0,9.0,0.0,6.0,86.0,56.0,8.0,18.0,5995.0,6227.0,2021
Female,65-69 years,Australian Capital Territory,4.0,5.0,7.0,0.0,0.0,6.0,7.0,0.0,0.0,9654.0,9669.0,2021
Female,65-69 years,Other Territories,0.0,0.0,0.0,0.0,0.0,0.0,0.0,0.0,0.0,180.0,183.0,2021
Female,70-74 years,New South Wales,3.0,18.0,70.0,60.0,5.0,74.0,183.0,20.0,74.0,189964.0,190463.0,2021
Female,70-74 years,Victoria,3.0,30.0,37.0,35.0,0.0,31.0,105.0,10.0,57.0,145405.0,145715.0,2021
Female,70-74 years,Queensland,7.0,31.0,115.0,17.0,16.0,34.0,74.0,34.0,128.0,126181.0,126643.0,2021
Female,70-74 years,South Australia,6.0,4.0,24.0,3.0,0.0,11.0,25.0,5.0,22.0,48280.0,48391.0,2021
Female,70-74 years,Western Australia,37.0,14.0,30.0,3.0,0.0,19.0,25.0,13.0,35.0,58935.0,59106.0,2021
Female,70-74 years,Tasmania,12.0,4.0,8.0,0.0,0.0,4.0,3.0,0.0,11.0,15779.0,15817.0,2021
Female,70-74 years,Northern Territory,0.0,18.0,0.0,0.0,0.0,61.0,25.0,8.0,15.0,4116.0,4246.0,2021
Female,70-74 years,Australian Capital Territory,0.0,5.0,4.0,0.0,0.0,0.0,4.0,0.0,0.0,8978.0,8990.0,2021
Female,70-74 years,Other Territories,0.0,0.0,0.0,0.0,0.0,0.0,0.0,0.0,0.0,123.0,123.0,2021
Female,75-79 years,New South Wales,6.0,14.0,29.0,37.0,4.0,41.0,91.0,10.0,57.0,139233.0,139529.0,2021
Female,75-79 years,Victoria,0.0,26.0,21.0,18.0,0.0,20.0,59.0,6.0,28.0,105228.0,105408.0,2021
Female,75-79 years,Queensland,3.0,15.0,38.0,11.0,8.0,26.0,60.0,16.0,79.0,89108.0,89369.0,2021
Female,75-79 years,South Australia,0.0,3.0,7.0,0.0,0.0,3.0,3.0,4.0,5.0,35076.0,35100.0,2021
Female,75-79 years,Western Australia,5.0,16.0,12.0,5.0,0.0,0.0,7.0,5.0,33.0,40218.0,40307.0,2021
Female,75-79 years,Tasmania,0.0,0.0,8.0,0.0,0.0,4.0,5.0,0.0,10.0,11248.0,11272.0,2021
Female,75-79 years,Northern Territory,0.0,4.0,3.0,0.0,0.0,31.0,11.0,0.0,3.0,1936.0,1992.0,2021
Female,75-79 years,Australian Capital Territory,0.0,3.0,0.0,0.0,0.0,0.0,0.0,0.0,0.0,6199.0,6212.0,2021
Female,75-79 years,Other Territories,0.0,0.0,0.0,0.0,0.0,0.0,0.0,0.0,0.0,90.0,90.0,2021
Female,80-84 years,New South Wales,4.0,7.0,15.0,29.0,5.0,27.0,75.0,9.0,55.0,99789.0,100014.0,2021
Female,80-84 years,Victoria,0.0,11.0,5.0,18.0,0.0,26.0,50.0,0.0,21.0,76744.0,76871.0,2021
Female,80-84 years,Queensland,6.0,5.0,20.0,8.0,0.0,18.0,40.0,7.0,43.0,57932.0,58068.0,2021
Female,80-84 years,South Australia,0.0,0.0,3.0,0.0,0.0,8.0,6.0,0.0,10.0,25125.0,25157.0,2021
Female,80-84 years,Western Australia,3.0,12.0,4.0,7.0,0.0,10.0,8.0,3.0,24.0,28746.0,28821.0,2021
Female,80-84 years,Tasmania,0.0,0.0,0.0,0.0,0.0,0.0,3.0,0.0,4.0,7782.0,7797.0,2021
Female,80-84 years,Northern Territory,0.0,4.0,0.0,0.0,0.0,21.0,8.0,0.0,0.0,1083.0,1113.0,2021
Female,80-84 years,Australian Capital Territory,0.0,0.0,3.0,0.0,0.0,0.0,0.0,0.0,0.0,4233.0,4239.0,2021
Female,80-84 years,Other Territories,0.0,0.0,0.0,0.0,0.0,0.0,0.0,0.0,0.0,53.0,60.0,2021
Female,85-89 years,New South Wales,0.0,5.0,4.0,23.0,0.0,17.0,47.0,0.0,24.0,64325.0,64450.0,2021
Female,85-89 years,Victoria,0.0,5.0,8.0,4.0,0.0,23.0,26.0,3.0,5.0,50240.0,50316.0,2021
Female,85-89 years,Queensland,0.0,9.0,14.0,0.0,0.0,8.0,17.0,5.0,10.0,34709.0,34768.0,2021
Female,85-89 years,South Australia,0.0,0.0,5.0,0.0,0.0,5.0,0.0,0.0,6.0,16160.0,16174.0,2021
Female,85-89 years,Western Australia,3.0,30.0,5.0,3.0,0.0,4.0,13.0,0.0,11.0,17925.0,17990.0,2021
Female,85-89 years,Tasmania,0.0,0.0,0.0,0.0,0.0,0.0,0.0,0.0,0.0,4706.0,4705.0,2021
Female,85-89 years,Northern Territory,0.0,0.0,0.0,0.0,0.0,4.0,3.0,0.0,0.0,437.0,447.0,2021
Female,85-89 years,Australian Capital Territory,0.0,0.0,0.0,0.0,0.0,0.0,0.0,0.0,0.0,2595.0,2596.0,2021
Female,85-89 years,Other Territories,0.0,0.0,0.0,0.0,0.0,0.0,0.0,0.0,0.0,25.0,25.0,2021
Female,90-94 years,New South Wales,0.0,0.0,4.0,8.0,0.0,12.0,35.0,0.0,5.0,35577.0,35644.0,2021
Female,90-94 years,Victoria,0.0,0.0,0.0,0.0,0.0,16.0,11.0,0.0,9.0,27420.0,27450.0,2021
Female,90-94 years,Queensland,0.0,7.0,0.0,0.0,0.0,0.0,7.0,0.0,5.0,18576.0,18595.0,2021
Female,90-94 years,South Australia,0.0,0.0,0.0,0.0,0.0,0.0,5.0,0.0,0.0,9323.0,9327.0,2021
Female,90-94 years,Western Australia,0.0,24.0,0.0,6.0,0.0,0.0,0.0,0.0,4.0,9240.0,9285.0,2021
Female,90-94 years,Tasmania,0.0,0.0,0.0,0.0,0.0,0.0,0.0,0.0,0.0,2406.0,2406.0,2021
Female,90-94 years,Northern Territory,0.0,0.0,0.0,0.0,0.0,0.0,0.0,0.0,0.0,211.0,211.0,2021
Female,90-94 years,Australian Capital Territory,0.0,0.0,0.0,0.0,0.0,0.0,0.0,0.0,0.0,1270.0,1265.0,2021
Female,90-94 years,Other Territories,0.0,0.0,0.0,0.0,0.0,0.0,0.0,0.0,0.0,12.0,12.0,2021
Female,95-99 years,New South Wales,0.0,0.0,0.0,3.0,0.0,0.0,7.0,0.0,0.0,11013.0,11023.0,2021
Female,95-99 years,Victoria,0.0,0.0,0.0,0.0,0.0,11.0,6.0,0.0,0.0,8269.0,8282.0,2021
Female,95-99 years,Queensland,0.0,0.0,0.0,0.0,0.0,5.0,0.0,0.0,0.0,5521.0,5527.0,2021
Female,95-99 years,South Australia,0.0,0.0,0.0,0.0,0.0,0.0,0.0,0.0,0.0,3101.0,3099.0,2021
Female,95-99 years,Western Australia,0.0,17.0,0.0,3.0,0.0,0.0,0.0,0.0,0.0,2744.0,2765.0,2021
Female,95-99 years,Tasmania,0.0,0.0,0.0,0.0,0.0,0.0,0.0,0.0,0.0,686.0,686.0,2021
Female,95-99 years,Northern Territory,0.0,0.0,0.0,0.0,0.0,0.0,0.0,0.0,0.0,45.0,47.0,2021
Female,95-99 years,Australian Capital Territory,0.0,0.0,0.0,0.0,0.0,0.0,0.0,0.0,0.0,427.0,427.0,2021
Female,95-99 years,Other Territories,0.0,0.0,0.0,0.0,0.0,0.0,0.0,0.0,0.0,0.0,0.0,2021
Female,100 years and over,New South Wales,0.0,0.0,0.0,0.0,0.0,0.0,0.0,0.0,0.0,1516.0,1516.0,2021
Female,100 years and over,Victoria,0.0,0.0,0.0,0.0,0.0,0.0,3.0,0.0,0.0,1124.0,1132.0,2021
Female,100 years and over,Queensland,0.0,0.0,0.0,0.0,0.0,0.0,0.0,0.0,0.0,755.0,758.0,2021
Female,100 years and over,South Australia,0.0,0.0,0.0,0.0,0.0,0.0,0.0,0.0,0.0,430.0,429.0,2021
Female,100 years and over,Western Australia,0.0,0.0,0.0,0.0,0.0,0.0,0.0,0.0,0.0,415.0,416.0,2021
Female,100 years and over,Tasmania,0.0,0.0,0.0,0.0,0.0,0.0,0.0,0.0,0.0,79.0,79.0,2021
Female,100 years and over,Northern Territory,0.0,0.0,0.0,0.0,0.0,0.0,0.0,0.0,0.0,3.0,3.0,2021
Female,100 years and over,Australian Capital Territory,0.0,0.0,0.0,0.0,0.0,0.0,0.0,0.0,0.0,53.0,53.0,2021
Female,100 years and over,Other Territories,0.0,0.0,0.0,0.0,0.0,0.0,0.0,0.0,0.0,0.0,0.0,2021
Female,Total,New South Wales,301.0,2797.0,1836.0,2498.0,577.0,6627.0,14067.0,265.0,872.0,4048314.0,4078142.0,2021
Female,Total,Victoria,252.0,4246.0,1135.0,2492.0,726.0,4116.0,8998.0,109.0,592.0,3258223.0,3280888.0,2021
Female,Total,Queensland,725.0,2115.0,2343.0,599.0,266.0,3890.0,7261.0,471.0,1212.0,2618651.0,2637531.0,2021
Female,Total,South Australia,98.0,1381.0,597.0,161.0,149.0,1078.0,2166.0,54.0,179.0,893205.0,899073.0,2021
Female,Total,Western Australia,806.0,883.0,987.0,162.0,57.0,1501.0,2679.0,190.0,433.0,1332308.0,1339997.0,2021
Female,Total,Tasmania,78.0,285.0,254.0,69.0,14.0,318.0,677.0,39.0,97.0,279761.0,281584.0,2021
Female,Total,Northern Territory,298.0,935.0,319.0,22.0,22.0,5216.0,2590.0,74.0,91.0,119186.0,128756.0,2021
Female,Total,Australian Capital Territory,8.0,370.0,132.0,45.0,6.0,166.0,432.0,0.0,6.0,227943.0,229114.0,2021
Female,Total,Other Territories,0.0,0.0,0.0,0.0,0.0,3.0,11.0,0.0,0.0,2524.0,2542.0,2021
Male,0-4 years,New South Wales,24.0,277.0,119.0,8.0,0.0,510.0,1148.0,54.0,30.0,236637.0,238804.0,2016
Male,0-4 years,Victoria,4.0,443.0,82.0,5.0,0.0,309.0,716.0,15.0,11.0,188365.0,189946.0,2016
Male,0-4 years,Queensland,24.0,140.0,89.0,28.0,0.0,382.0,512.0,35.0,41.0,151760.0,153015.0,2016
Male,0-4 years,South Australia,0.0,89.0,24.0,6.0,0.0,68.0,138.0,7.0,0.0,49418.0,49748.0,2016
Male,0-4 years,Western Australia,21.0,45.0,38.0,0.0,0.0,183.0,272.0,15.0,18.0,82504.0,83092.0,2016
Male,0-4 years,Tasmania,0.0,31.0,20.0,0.0,0.0,6.0,34.0,3.0,0.0,14420.0,14517.0,2016
Male,0-4 years,Northern Territory,18.0,13.0,13.0,0.0,0.0,619.0,274.0,9.0,0.0,8126.0,9069.0,2016
Male,0-4 years,Australian Capital Territory,0.0,25.0,6.0,0.0,0.0,4.0,20.0,0.0,0.0,13739.0,13798.0,2016
Male,0-4 years,Other Territories,0.0,0.0,0.0,0.0,0.0,0.0,0.0,0.0,0.0,137.0,136.0,2016
Male,5-9 years,New South Wales,36.0,235.0,77.0,11.0,0.0,468.0,1232.0,50.0,25.0,243063.0,245202.0,2016
Male,5-9 years,Victoria,5.0,294.0,21.0,0.0,0.0,328.0,728.0,15.0,13.0,187253.0,188646.0,2016
Male,5-9 years,Queensland,30.0,127.0,61.0,16.0,0.0,424.0,611.0,47.0,29.0,161907.0,163247.0,2016
Male,5-9 years,South Australia,0.0,62.0,17.0,0.0,0.0,92.0,166.0,5.0,0.0,50942.0,51283.0,2016
Male,5-9 years,Western Australia,15.0,31.0,23.0,3.0,0.0,188.0,258.0,23.0,11.0,83802.0,84352.0,2016
Male,5-9 years,Tasmania,0.0,12.0,4.0,0.0,0.0,14.0,44.0,0.0,3.0,16057.0,16139.0,2016
Male,5-9 years,Northern Territory,18.0,15.0,13.0,9.0,0.0,622.0,287.0,9.0,3.0,7883.0,8855.0,2016
Male,5-9 years,Australian Capital Territory,0.0,26.0,4.0,0.0,0.0,8.0,28.0,0.0,0.0,13108.0,13174.0,2016
Male,5-9 years,Other Territories,0.0,0.0,0.0,0.0,0.0,0.0,0.0,0.0,0.0,148.0,149.0,2016
Male,10-14 years,New South Wales,19.0,195.0,47.0,3.0,0.0,439.0,1088.0,37.0,30.0,226063.0,227918.0,2016
Male,10-14 years,Victoria,4.0,288.0,34.0,8.0,0.0,276.0,696.0,11.0,8.0,173355.0,174685.0,2016
Male,10-14 years,Queensland,26.0,76.0,51.0,4.0,0.0,369.0,577.0,54.0,30.0,152783.0,153975.0,2016
Male,10-14 years,South Australia,0.0,46.0,15.0,0.0,0.0,100.0,179.0,3.0,4.0,48586.0,48934.0,2016
Male,10-14 years,Western Australia,9.0,19.0,23.0,7.0,0.0,155.0,229.0,23.0,11.0,76787.0,77256.0,2016
Male,10-14 years,Tasmania,0.0,17.0,3.0,0.0,0.0,7.0,37.0,0.0,3.0,15393.0,15463.0,2016
Male,10-14 years,Northern Territory,18.0,13.0,14.0,59.0,0.0,631.0,302.0,9.0,0.0,6838.0,7876.0,2016
Male,10-14 years,Australian Capital Territory,0.0,21.0,5.0,0.0,0.0,8.0,24.0,0.0,0.0,11341.0,11394.0,2016
Male,10-14 years,Other Territories,0.0,0.0,0.0,0.0,0.0,5.0,4.0,0.0,0.0,119.0,126.0,2016
Male,15-19 years,New South Wales,40.0,327.0,112.0,107.0,4.0,765.0,1655.0,61.0,37.0,227224.0,230334.0,2016
Male,15-19 years,Victoria,24.0,323.0,71.0,84.0,0.0,497.0,1138.0,4.0,13.0,179820.0,181978.0,2016
Male,15-19 years,Queensland,29.0,150.0,116.0,50.0,3.0,398.0,737.0,33.0,45.0,149481.0,151044.0,2016
Male,15-19 years,South Australia,8.0,103.0,39.0,13.0,0.0,148.0,248.0,6.0,8.0,50744.0,51317.0,2016
Male,15-19 years,Western Australia,28.0,41.0,40.0,8.0,0.0,197.0,336.0,26.0,9.0,76413.0,77090.0,2016
Male,15-19 years,Tasmania,3.0,43.0,24.0,5.0,0.0,14.0,39.0,8.0,9.0,15747.0,15886.0,2016
Male,15-19 years,Northern Territory,14.0,11.0,9.0,12.0,0.0,639.0,267.0,6.0,0.0,6501.0,7455.0,2016
Male,15-19 years,Australian Capital Territory,0.0,19.0,7.0,6.0,0.0,15.0,30.0,0.0,0.0,12390.0,12469.0,2016
Male,15-19 years,Other Territories,0.0,0.0,0.0,0.0,0.0,0.0,0.0,0.0,0.0,104.0,104.0,2016
Male,20-24 years,New South Wales,73.0,255.0,346.0,436.0,5.0,2040.0,3448.0,48.0,52.0,242322.0,249017.0,2016
Male,20-24 years,Victoria,48.0,293.0,176.0,408.0,0.0,1313.0,2332.0,11.0,39.0,205130.0,209749.0,2016
Male,20-24 years,Queensland,52.0,127.0,235.0,199.0,12.0,681.0,1095.0,35.0,78.0,156505.0,159018.0,2016
Male,20-24 years,South Australia,18.0,74.0,81.0,38.0,0.0,225.0,369.0,6.0,7.0,54160.0,54964.0,2016
Male,20-24 years,Western Australia,27.0,35.0,106.0,44.0,0.0,348.0,581.0,21.0,18.0,81321.0,82506.0,2016
Male,20-24 years,Tasmania,10.0,27.0,32.0,13.0,0.0,25.0,68.0,4.0,3.0,15058.0,15243.0,2016
Male,20-24 years,Northern Territory,41.0,13.0,20.0,21.0,0.0,614.0,274.0,8.0,0.0,7962.0,8953.0,2016
Male,20-24 years,Australian Capital Territory,0.0,22.0,22.0,26.0,0.0,48.0,69.0,0.0,0.0,15632.0,15821.0,2016
Male,20-24 years,Other Territories,0.0,0.0,0.0,0.0,0.0,0.0,0.0,0.0,0.0,157.0,157.0,2016
Male,25-29 years,New South Wales,192.0,139.0,392.0,538.0,4.0,1904.0,2966.0,45.0,54.0,254384.0,260617.0,2016
Male,25-29 years,Victoria,63.0,217.0,243.0,424.0,12.0,993.0,1821.0,6.0,52.0,213133.0,216955.0,2016
Male,25-29 years,Queensland,96.0,145.0,288.0,254.0,4.0,496.0,830.0,41.0,87.0,155821.0,158059.0,2016
Male,25-29 years,South Australia,18.0,44.0,116.0,36.0,0.0,145.0,247.0,9.0,8.0,52475.0,53096.0,2016
Male,25-29 years,Western Australia,51.0,26.0,140.0,81.0,0.0,280.0,383.0,22.0,30.0,92412.0,93425.0,2016
Male,25-29 years,Tasmania,17.0,16.0,28.0,14.0,0.0,13.0,22.0,0.0,3.0,14014.0,14122.0,2016
Male,25-29 years,Northern Territory,54.0,17.0,18.0,41.0,0.0,549.0,242.0,10.0,7.0,10799.0,11738.0,2016
Male,25-29 years,Australian Capital Territory,0.0,32.0,22.0,9.0,0.0,44.0,58.0,0.0,0.0,15711.0,15877.0,2016
Male,25-29 years,Other Territories,0.0,0.0,0.0,0.0,0.0,0.0,0.0,0.0,0.0,198.0,197.0,2016
Male,30-34 years,New South Wales,154.0,192.0,336.0,459.0,12.0,1014.0,1549.0,63.0,50.0,262100.0,265929.0,2016
Male,30-34 years,Victoria,77.0,247.0,219.0,275.0,3.0,446.0,979.0,19.0,46.0,216268.0,218584.0,2016
Male,30-34 years,Queensland,97.0,162.0,256.0,192.0,0.0,271.0,413.0,63.0,86.0,157933.0,159483.0,2016
Male,30-34 years,South Australia,17.0,43.0,90.0,65.0,0.0,104.0,167.0,14.0,12.0,53851.0,54368.0,2016
Male,30-34 years,Western Australia,65.0,46.0,133.0,60.0,0.0,168.0,263.0,16.0,23.0,97984.0,98759.0,2016
Male,30-34 years,Tasmania,9.0,17.0,24.0,12.0,0.0,5.0,18.0,11.0,3.0,14153.0,14250.0,2016
Male,30-34 years,Northern Territory,43.0,12.0,15.0,11.0,4.0,430.0,215.0,11.0,3.0,10960.0,11700.0,2016
Male,30-34 years,Australian Capital Territory,3.0,49.0,16.0,8.0,0.0,23.0,40.0,0.0,3.0,16375.0,16519.0,2016
Male,30-34 years,Other Territories,0.0,0.0,0.0,0.0,0.0,0.0,0.0,0.0,0.0,233.0,233.0,2016
Male,35-39 years,New South Wales,162.0,179.0,309.0,371.0,10.0,621.0,978.0,48.0,74.0,244564.0,247317.0,2016
Male,35-39 years,Victoria,121.0,235.0,177.0,223.0,8.0,247.0,601.0,19.0,58.0,197160.0,198848.0,2016
Male,35-39 years,Queensland,96.0,189.0,237.0,231.0,6.0,162.0,282.0,55.0,118.0,148002.0,149383.0,2016
Male,35-39 years,South Australia,28.0,36.0,62.0,63.0,7.0,58.0,106.0,11.0,8.0,50359.0,50738.0,2016
Male,35-39 years,Western Australia,55.0,50.0,101.0,59.0,0.0,104.0,146.0,21.0,26.0,87468.0,88033.0,2016
Male,35-39 years,Tasmania,11.0,15.0,30.0,8.0,0.0,3.0,15.0,0.0,0.0,13332.0,13423.0,2016
Male,35-39 years,Northern Territory,43.0,21.0,15.0,9.0,3.0,305.0,166.0,7.0,0.0,9516.0,10091.0,2016
Male,35-39 years,Australian Capital Territory,3.0,52.0,13.0,0.0,0.0,9.0,40.0,0.0,0.0,14967.0,15092.0,2016
Male,35-39 years,Other Territories,0.0,0.0,0.0,0.0,0.0,0.0,4.0,0.0,0.0,207.0,211.0,2016
Male,40-44 years,New South Wales,250.0,206.0,254.0,413.0,3.0,406.0,705.0,56.0,120.0,244657.0,247075.0,2016
Male,40-44 years,Victoria,133.0,246.0,141.0,226.0,4.0,239.0,424.0,19.0,89.0,193374.0,194884.0,2016
Male,40-44 years,Queensland,120.0,203.0,198.0,238.0,8.0,160.0,284.0,69.0,169.0,155910.0,157349.0,2016
Male,40-44 years,South Australia,18.0,50.0,73.0,70.0,0.0,75.0,103.0,14.0,25.0,52209.0,52639.0,2016
Male,40-44 years,Western Australia,94.0,75.0,98.0,77.0,0.0,91.0,150.0,45.0,34.0,86474.0,87132.0,2016
Male,40-44 years,Tasmania,11.0,27.0,17.0,13.0,0.0,3.0,15.0,6.0,0.0,14905.0,14992.0,2016
Male,40-44 years,Northern Territory,61.0,40.0,11.0,16.0,0.0,274.0,143.0,7.0,6.0,8861.0,9425.0,2016
Male,40-44 years,Australian Capital Territory,3.0,54.0,23.0,0.0,0.0,20.0,26.0,0.0,4.0,13904.0,14021.0,2016
Male,40-44 years,Other Territories,0.0,0.0,0.0,0.0,0.0,0.0,0.0,0.0,0.0,186.0,189.0,2016
Male,45-49 years,New South Wales,193.0,185.0,234.0,481.0,13.0,363.0,668.0,77.0,144.0,237582.0,239935.0,2016
Male,45-49 years,Victoria,81.0,203.0,152.0,316.0,3.0,179.0,412.0,20.0,105.0,192314.0,193799.0,2016
Male,45-49 years,Queensland,109.0,209.0,184.0,262.0,3.0,161.0,280.0,71.0,211.0,155314.0,156814.0,2016
Male,45-49 years,South Australia,39.0,47.0,60.0,85.0,3.0,54.0,94.0,17.0,21.0,55268.0,55676.0,2016
Male,45-49 years,Western Australia,96.0,74.0,92.0,97.0,4.0,78.0,120.0,27.0,36.0,86821.0,87457.0,2016
Male,45-49 years,Tasmania,13.0,29.0,16.0,9.0,0.0,7.0,19.0,10.0,11.0,16360.0,16473.0,2016
Male,45-49 years,Northern Territory,76.0,25.0,15.0,20.0,0.0,193.0,114.0,16.0,14.0,9004.0,9485.0,2016
Male,45-49 years,Australian Capital Territory,4.0,54.0,5.0,8.0,0.0,12.0,15.0,0.0,0.0,13240.0,13333.0,2016
Male,45-49 years,Other Territories,0.0,0.0,0.0,0.0,0.0,0.0,0.0,0.0,0.0,189.0,189.0,2016
Male,50-54 years,New South Wales,221.0,200.0,233.0,541.0,14.0,303.0,646.0,102.0,177.0,236350.0,238772.0,2016
Male,50-54 years,Victoria,81.0,192.0,109.0,310.0,0.0,147.0,355.0,22.0,137.0,181842.0,183192.0,2016
Male,50-54 years,Queensland,123.0,188.0,207.0,257.0,10.0,108.0,233.0,96.0,246.0,149369.0,150834.0,2016
Male,50-54 years,South Australia,52.0,33.0,54.0,82.0,3.0,49.0,88.0,7.0,34.0,55018.0,55421.0,2016
Male,50-54 years,Western Australia,83.0,39.0,99.0,84.0,0.0,65.0,99.0,38.0,46.0,81953.0,82510.0,2016
Male,50-54 years,Tasmania,10.0,23.0,19.0,5.0,0.0,3.0,15.0,12.0,0.0,17021.0,17113.0,2016
Male,50-54 years,Northern Territory,86.0,35.0,26.0,23.0,0.0,172.0,81.0,15.0,9.0,8342.0,8783.0,2016
Male,50-54 years,Australian Capital Territory,5.0,44.0,14.0,7.0,0.0,3.0,10.0,0.0,3.0,11994.0,12090.0,2016
Male,50-54 years,Other Territories,0.0,0.0,0.0,0.0,0.0,0.0,0.0,0.0,0.0,234.0,234.0,2016
Male,55-59 years,New South Wales,153.0,145.0,212.0,528.0,12.0,260.0,468.0,110.0,178.0,226266.0,228328.0,2016
Male,55-59 years,Victoria,62.0,132.0,102.0,254.0,4.0,119.0,215.0,31.0,145.0,170341.0,171409.0,2016
Male,55-59 years,Queensland,107.0,153.0,187.0,258.0,8.0,100.0,167.0,114.0,276.0,142255.0,143621.0,2016
Male,55-59 years,South Australia,14.0,39.0,54.0,72.0,0.0,26.0,66.0,21.0,29.0,53645.0,53970.0,2016
Male,55-59 years,Western Australia,47.0,43.0,83.0,74.0,3.0,40.0,61.0,41.0,51.0,74698.0,75132.0,2016
Male,55-59 years,Tasmania,6.0,16.0,11.0,11.0,0.0,7.0,8.0,6.0,23.0,17615.0,17699.0,2016
Male,55-59 years,Northern Territory,48.0,43.0,14.0,23.0,0.0,118.0,61.0,21.0,21.0,7522.0,7861.0,2016
Male,55-59 years,Australian Capital Territory,0.0,41.0,5.0,5.0,0.0,3.0,7.0,0.0,3.0,10799.0,10877.0,2016
Male,55-59 years,Other Territories,0.0,0.0,0.0,0.0,0.0,0.0,6.0,0.0,0.0,215.0,220.0,2016
Male,60-64 years,New South Wales,148.0,107.0,194.0,454.0,15.0,189.0,304.0,81.0,208.0,201465.0,203157.0,2016
Male,60-64 years,Victoria,42.0,97.0,99.0,182.0,7.0,65.0,168.0,13.0,151.0,150326.0,151152.0,2016
Male,60-64 years,Queensland,108.0,91.0,217.0,253.0,18.0,82.0,114.0,77.0,319.0,129391.0,130676.0,2016
Male,60-64 years,South Australia,20.0,13.0,43.0,74.0,0.0,13.0,34.0,19.0,37.0,48468.0,48720.0,2016
Male,60-64 years,Western Australia,47.0,48.0,81.0,66.0,4.0,29.0,46.0,44.0,79.0,65466.0,65911.0,2016
Male,60-64 years,Tasmania,0.0,24.0,14.0,10.0,0.0,8.0,5.0,10.0,8.0,16332.0,16401.0,2016
Male,60-64 years,Northern Territory,34.0,29.0,13.0,41.0,0.0,91.0,52.0,14.0,24.0,6811.0,7111.0,2016
Male,60-64 years,Australian Capital Territory,3.0,21.0,9.0,0.0,0.0,0.0,7.0,0.0,0.0,8984.0,9023.0,2016
Male,60-64 years,Other Territories,0.0,0.0,0.0,0.0,0.0,0.0,0.0,0.0,0.0,200.0,204.0,2016
Male,65-69 years,New South Wales,86.0,79.0,157.0,385.0,10.0,128.0,201.0,79.0,197.0,185433.0,186756.0,2016
Male,65-69 years,Victoria,19.0,67.0,75.0,164.0,3.0,42.0,93.0,23.0,183.0,134184.0,134859.0,2016
Male,65-69 years,Queensland,71.0,58.0,226.0,189.0,13.0,56.0,72.0,102.0,316.0,124961.0,126057.0,2016
Male,65-69 years,South Australia,18.0,13.0,42.0,53.0,4.0,14.0,22.0,16.0,23.0,45055.0,45258.0,2016
Male,65-69 years,Western Australia,37.0,18.0,73.0,39.0,4.0,21.0,36.0,31.0,93.0,58835.0,59194.0,2016
Male,65-69 years,Tasmania,0.0,10.0,10.0,0.0,5.0,3.0,5.0,6.0,10.0,15101.0,15159.0,2016
Male,65-69 years,Northern Territory,31.0,16.0,14.0,16.0,3.0,43.0,28.0,14.0,25.0,5633.0,5819.0,2016
Male,65-69 years,Australian Capital Territory,3.0,12.0,3.0,11.0,0.0,0.0,3.0,0.0,8.0,7891.0,7932.0,2016
Male,65-69 years,Other Territories,0.0,0.0,0.0,0.0,0.0,0.0,0.0,0.0,0.0,203.0,203.0,2016
Male,70-74 years,New South Wales,48.0,56.0,103.0,196.0,5.0,58.0,117.0,38.0,180.0,139984.0,140797.0,2016
Male,70-74 years,Victoria,8.0,47.0,58.0,92.0,0.0,28.0,49.0,13.0,125.0,99323.0,99740.0,2016
Male,70-74 years,Queensland,27.0,50.0,132.0,93.0,13.0,19.0,48.0,53.0,239.0,94623.0,95301.0,2016
Male,70-74 years,South Australia,5.0,11.0,19.0,23.0,0.0,7.0,11.0,10.0,29.0,33475.0,33595.0,2016
Male,70-74 years,Western Australia,14.0,19.0,30.0,23.0,0.0,17.0,19.0,21.0,59.0,41459.0,41668.0,2016
Male,70-74 years,Tasmania,0.0,11.0,5.0,0.0,0.0,0.0,3.0,0.0,8.0,11050.0,11082.0,2016
Male,70-74 years,Northern Territory,16.0,5.0,8.0,0.0,0.0,40.0,18.0,11.0,19.0,3407.0,3529.0,2016
Male,70-74 years,Australian Capital Territory,0.0,7.0,0.0,0.0,0.0,0.0,0.0,0.0,3.0,5487.0,5504.0,2016
Male,70-74 years,Other Territories,0.0,0.0,0.0,0.0,0.0,0.0,0.0,0.0,0.0,115.0,115.0,2016
Male,75-79 years,New South Wales,18.0,47.0,43.0,126.0,7.0,28.0,66.0,33.0,133.0,100917.0,101415.0,2016
Male,75-79 years,Victoria,5.0,29.0,13.0,63.0,0.0,13.0,27.0,3.0,55.0,73244.0,73460.0,2016
Male,75-79 years,Queensland,16.0,23.0,67.0,76.0,0.0,16.0,36.0,20.0,181.0,64975.0,65411.0,2016
Male,75-79 years,South Australia,3.0,3.0,13.0,20.0,0.0,4.0,5.0,0.0,10.0,24252.0,24315.0,2016
Male,75-79 years,Western Australia,6.0,10.0,15.0,11.0,0.0,8.0,14.0,8.0,36.0,29180.0,29282.0,2016
Male,75-79 years,Tasmania,0.0,0.0,0.0,5.0,0.0,0.0,3.0,0.0,0.0,7850.0,7871.0,2016
Male,75-79 years,Northern Territory,10.0,7.0,0.0,6.0,0.0,13.0,7.0,5.0,3.0,1836.0,1887.0,2016
Male,75-79 years,Australian Capital Territory,0.0,0.0,0.0,3.0,0.0,0.0,0.0,0.0,0.0,3712.0,3726.0,2016
Male,75-79 years,Other Territories,0.0,0.0,0.0,0.0,0.0,0.0,0.0,0.0,0.0,77.0,82.0,2016
Male,80-84 years,New South Wales,13.0,27.0,10.0,61.0,0.0,35.0,36.0,17.0,94.0,68337.0,68627.0,2016
Male,80-84 years,Victoria,0.0,26.0,10.0,27.0,0.0,11.0,11.0,4.0,33.0,50653.0,50778.0,2016
Male,80-84 years,Queensland,11.0,10.0,19.0,40.0,0.0,10.0,15.0,11.0,76.0,40005.0,40190.0,2016
Male,80-84 years,South Australia,3.0,4.0,5.0,5.0,0.0,0.0,0.0,0.0,8.0,17095.0,17111.0,2016
Male,80-84 years,Western Australia,6.0,8.0,4.0,5.0,0.0,5.0,3.0,4.0,15.0,18827.0,18880.0,2016
Male,80-84 years,Tasmania,0.0,0.0,4.0,0.0,0.0,0.0,0.0,0.0,0.0,5113.0,5123.0,2016
Male,80-84 years,Northern Territory,0.0,0.0,0.0,0.0,0.0,19.0,3.0,0.0,5.0,759.0,784.0,2016
Male,80-84 years,Australian Capital Territory,0.0,0.0,0.0,0.0,0.0,0.0,0.0,0.0,0.0,2488.0,2490.0,2016
Male,80-84 years,Other Territories,0.0,0.0,0.0,0.0,0.0,0.0,0.0,0.0,0.0,30.0,31.0,2016
Male,85-89 years,New South Wales,3.0,12.0,12.0,13.0,0.0,15.0,24.0,0.0,36.0,42039.0,42157.0,2016
Male,85-89 years,Victoria,0.0,8.0,8.0,29.0,0.0,13.0,6.0,0.0,9.0,31710.0,31769.0,2016
Male,85-89 years,Queensland,0.0,7.0,3.0,5.0,0.0,3.0,15.0,0.0,47.0,22639.0,22729.0,2016
Male,85-89 years,South Australia,0.0,0.0,3.0,4.0,0.0,0.0,4.0,0.0,0.0,10915.0,10925.0,2016
Male,85-89 years,Western Australia,0.0,3.0,0.0,0.0,0.0,0.0,3.0,0.0,13.0,10990.0,11021.0,2016
Male,85-89 years,Tasmania,0.0,4.0,0.0,0.0,0.0,0.0,0.0,0.0,0.0,2976.0,2975.0,2016
Male,85-89 years,Northern Territory,0.0,0.0,0.0,0.0,0.0,0.0,4.0,0.0,0.0,356.0,368.0,2016
Male,85-89 years,Australian Capital Territory,0.0,0.0,0.0,0.0,0.0,0.0,0.0,0.0,0.0,1522.0,1527.0,2016
Male,85-89 years,Other Territories,0.0,0.0,0.0,0.0,0.0,0.0,0.0,0.0,0.0,18.0,18.0,2016
Male,90-94 years,New South Wales,0.0,5.0,0.0,3.0,0.0,4.0,4.0,0.0,8.0,16040.0,16075.0,2016
Male,90-94 years,Victoria,0.0,5.0,3.0,8.0,0.0,3.0,6.0,0.0,3.0,12259.0,12280.0,2016
Male,90-94 years,Queensland,0.0,3.0,0.0,6.0,0.0,0.0,0.0,0.0,5.0,8304.0,8321.0,2016
Male,90-94 years,South Australia,0.0,0.0,0.0,0.0,0.0,0.0,0.0,0.0,0.0,4339.0,4342.0,2016
Male,90-94 years,Western Australia,0.0,0.0,3.0,0.0,0.0,0.0,0.0,0.0,3.0,4016.0,4020.0,2016
Male,90-94 years,Tasmania,0.0,0.0,0.0,0.0,0.0,0.0,0.0,0.0,0.0,1071.0,1074.0,2016
Male,90-94 years,Northern Territory,0.0,0.0,0.0,0.0,0.0,0.0,0.0,0.0,0.0,91.0,91.0,2016
Male,90-94 years,Australian Capital Territory,0.0,3.0,0.0,0.0,0.0,0.0,0.0,0.0,0.0,624.0,626.0,2016
Male,90-94 years,Other Territories,0.0,0.0,0.0,0.0,0.0,0.0,0.0,0.0,0.0,4.0,4.0,2016
Male,95-99 years,New South Wales,0.0,0.0,0.0,0.0,0.0,7.0,0.0,0.0,5.0,3093.0,3099.0,2016
Male,95-99 years,Victoria,0.0,0.0,0.0,0.0,0.0,5.0,0.0,0.0,0.0,2394.0,2406.0,2016
Male,95-99 years,Queensland,0.0,0.0,0.0,5.0,0.0,0.0,0.0,0.0,0.0,1719.0,1730.0,2016
Male,95-99 years,South Australia,0.0,0.0,0.0,0.0,0.0,0.0,0.0,0.0,0.0,865.0,867.0,2016
Male,95-99 years,Western Australia,0.0,0.0,0.0,0.0,0.0,0.0,0.0,0.0,0.0,784.0,788.0,2016
Male,95-99 years,Tasmania,0.0,0.0,0.0,0.0,0.0,0.0,0.0,0.0,0.0,205.0,207.0,2016
Male,95-99 years,Northern Territory,0.0,0.0,0.0,0.0,0.0,0.0,0.0,0.0,0.0,22.0,21.0,2016
Male,95-99 years,Australian Capital Territory,0.0,0.0,0.0,0.0,0.0,0.0,0.0,0.0,0.0,129.0,133.0,2016
Male,95-99 years,Other Territories,0.0,0.0,0.0,0.0,0.0,0.0,0.0,0.0,0.0,3.0,3.0,2016
Male,100 years and over,New South Wales,0.0,0.0,0.0,0.0,0.0,0.0,0.0,0.0,0.0,192.0,192.0,2016
Male,100 years and over,Victoria,0.0,0.0,0.0,0.0,0.0,0.0,0.0,0.0,0.0,256.0,261.0,2016
Male,100 years and over,Queensland,0.0,0.0,0.0,4.0,0.0,0.0,0.0,0.0,0.0,164.0,167.0,2016
Male,100 years and over,South Australia,0.0,0.0,0.0,0.0,0.0,0.0,0.0,0.0,0.0,88.0,92.0,2016
Male,100 years and over,Western Australia,0.0,0.0,0.0,0.0,0.0,0.0,0.0,0.0,0.0,43.0,43.0,2016
Male,100 years and over,Tasmania,0.0,0.0,0.0,0.0,0.0,0.0,0.0,0.0,0.0,16.0,16.0,2016
Male,100 years and over,Northern Territory,0.0,0.0,0.0,0.0,0.0,0.0,0.0,0.0,0.0,0.0,0.0,2016
Male,100 years and over,Australian Capital Territory,0.0,0.0,0.0,0.0,0.0,0.0,0.0,0.0,0.0,10.0,10.0,2016
Male,100 years and over,Other Territories,0.0,0.0,0.0,0.0,0.0,0.0,0.0,0.0,0.0,0.0,0.0,2016
Male,Total,New South Wales,1832.0,2867.0,3183.0,5135.0,119.0,9549.0,17295.0,999.0,1834.0,3638731.0,3681526.0,2016
Male,Total,Victoria,782.0,3394.0,1794.0,3087.0,58.0,5270.0,10770.0,252.0,1263.0,2852706.0,2879379.0,2016
Male,Total,Queensland,1137.0,2101.0,2772.0,2659.0,101.0,3915.0,6317.0,998.0,2596.0,2323835.0,2346440.0,2016
Male,Total,South Australia,268.0,698.0,822.0,708.0,18.0,1188.0,2042.0,151.0,261.0,811219.0,817380.0,2016
Male,Total,Western Australia,697.0,614.0,1181.0,755.0,20.0,1975.0,3019.0,439.0,608.0,1238227.0,1247537.0,2016
Male,Total,Tasmania,97.0,325.0,265.0,105.0,8.0,126.0,345.0,84.0,89.0,243783.0,245232.0,2016
Male,Total,Northern Territory,593.0,319.0,211.0,298.0,13.0,5367.0,2534.0,169.0,162.0,121235.0,130905.0,2016
Male,Total,Australian Capital Territory,42.0,491.0,155.0,81.0,3.0,202.0,378.0,0.0,29.0,194050.0,195426.0,2016
Male,Total,Other Territories,0.0,0.0,0.0,0.0,0.0,17.0,15.0,0.0,0.0,2789.0,2817.0,2016
Female,0-4 years,New South Wales,27.0,268.0,100.0,11.0,0.0,464.0,1101.0,38.0,32.0,224136.0,226163.0,2016
Female,0-4 years,Victoria,7.0,403.0,62.0,5.0,0.0,289.0,754.0,12.0,11.0,178562.0,180090.0,2016
Female,0-4 years,Queensland,21.0,129.0,85.0,28.0,0.0,339.0,513.0,32.0,35.0,144035.0,145213.0,2016
Female,0-4 years,South Australia,0.0,85.0,29.0,0.0,0.0,65.0,126.0,11.0,6.0,46730.0,47047.0,2016
Female,0-4 years,Western Australia,15.0,33.0,31.0,4.0,0.0,155.0,258.0,20.0,16.0,78022.0,78543.0,2016
Female,0-4 years,Tasmania,3.0,30.0,10.0,0.0,0.0,10.0,32.0,0.0,0.0,13819.0,13896.0,2016
Female,0-4 years,Northern Territory,26.0,17.0,13.0,3.0,0.0,552.0,258.0,4.0,3.0,7840.0,8709.0,2016
Female,0-4 years,Australian Capital Territory,0.0,27.0,0.0,0.0,0.0,10.0,32.0,0.0,0.0,12778.0,12847.0,2016
Female,0-4 years,Other Territories,0.0,0.0,0.0,0.0,0.0,0.0,0.0,0.0,0.0,126.0,130.0,2016
Female,5-9 years,New South Wales,21.0,200.0,69.0,4.0,0.0,486.0,1140.0,57.0,26.0,230989.0,233000.0,2016
Female,5-9 years,Victoria,0.0,306.0,50.0,0.0,0.0,282.0,783.0,18.0,8.0,177716.0,179163.0,2016
Female,5-9 years,Queensland,30.0,101.0,66.0,19.0,0.0,356.0,623.0,42.0,15.0,153505.0,154753.0,2016
Female,5-9 years,South Australia,0.0,48.0,16.0,3.0,0.0,80.0,158.0,8.0,3.0,48561.0,48870.0,2016
Female,5-9 years,Western Australia,6.0,18.0,27.0,0.0,0.0,198.0,262.0,13.0,10.0,79388.0,79918.0,2016
Female,5-9 years,Tasmania,0.0,7.0,6.0,0.0,0.0,15.0,30.0,4.0,0.0,15225.0,15295.0,2016
Female,5-9 years,Northern Territory,30.0,10.0,15.0,5.0,0.0,612.0,289.0,0.0,5.0,7307.0,8271.0,2016
Female,5-9 years,Australian Capital Territory,0.0,27.0,3.0,0.0,0.0,9.0,21.0,0.0,0.0,12129.0,12191.0,2016
Female,5-9 years,Other Territories,0.0,0.0,0.0,0.0,0.0,0.0,0.0,0.0,0.0,124.0,132.0,2016
Female,10-14 years,New South Wales,25.0,183.0,52.0,10.0,0.0,411.0,1007.0,54.0,19.0,213335.0,215094.0,2016
Female,10-14 years,Victoria,6.0,275.0,44.0,4.0,0.0,290.0,642.0,15.0,9.0,164707.0,165984.0,2016
Female,10-14 years,Queensland,26.0,103.0,52.0,11.0,0.0,368.0,550.0,42.0,29.0,144503.0,145675.0,2016
Female,10-14 years,South Australia,3.0,41.0,19.0,0.0,0.0,79.0,158.0,4.0,3.0,45988.0,46299.0,2016
Female,10-14 years,Western Australia,12.0,23.0,23.0,0.0,0.0,182.0,259.0,10.0,9.0,72977.0,73489.0,2016
Female,10-14 years,Tasmania,0.0,11.0,9.0,0.0,0.0,14.0,39.0,3.0,0.0,14623.0,14702.0,2016
Female,10-14 years,Northern Territory,17.0,8.0,5.0,12.0,0.0,562.0,240.0,4.0,0.0,6474.0,7321.0,2016
Female,10-14 years,Australian Capital Territory,0.0,14.0,0.0,0.0,0.0,6.0,16.0,0.0,0.0,10818.0,10858.0,2016
Female,10-14 years,Other Territories,0.0,0.0,0.0,0.0,0.0,0.0,0.0,0.0,0.0,133.0,137.0,2016
Female,15-19 years,New South Wales,24.0,418.0,111.0,87.0,4.0,733.0,1554.0,37.0,32.0,215411.0,218408.0,2016
Female,15-19 years,Victoria,20.0,347.0,69.0,78.0,0.0,365.0,926.0,13.0,13.0,172913.0,174752.0,2016
Female,15-19 years,Queensland,20.0,162.0,99.0,54.0,3.0,396.0,739.0,35.0,42.0,143459.0,145010.0,2016
Female,15-19 years,South Australia,12.0,127.0,33.0,7.0,0.0,106.0,230.0,9.0,8.0,48508.0,49046.0,2016
Female,15-19 years,Western Australia,19.0,81.0,33.0,11.0,0.0,201.0,289.0,29.0,17.0,72117.0,72791.0,2016
Female,15-19 years,Tasmania,3.0,48.0,24.0,0.0,0.0,9.0,47.0,0.0,3.0,14852.0,14983.0,2016
Female,15-19 years,Northern Territory,17.0,16.0,6.0,12.0,0.0,600.0,264.0,5.0,0.0,5675.0,6592.0,2016
Female,15-19 years,Australian Capital Territory,0.0,32.0,6.0,0.0,0.0,15.0,28.0,0.0,0.0,12142.0,12227.0,2016
Female,15-19 years,Other Territories,0.0,0.0,0.0,0.0,0.0,0.0,0.0,0.0,0.0,100.0,100.0,2016
Female,20-24 years,New South Wales,40.0,341.0,283.0,292.0,5.0,1365.0,2646.0,39.0,41.0,236522.0,241571.0,2016
Female,20-24 years,Victoria,34.0,360.0,183.0,282.0,4.0,662.0,1566.0,11.0,25.0,200834.0,203960.0,2016
Female,20-24 years,Queensland,41.0,118.0,182.0,144.0,11.0,557.0,933.0,42.0,64.0,155522.0,157613.0,2016
Female,20-24 years,South Australia,9.0,98.0,51.0,20.0,0.0,187.0,302.0,3.0,8.0,51802.0,52484.0,2016
Female,20-24 years,Western Australia,25.0,59.0,98.0,21.0,0.0,242.0,402.0,20.0,20.0,76706.0,77594.0,2016
Female,20-24 years,Tasmania,0.0,33.0,15.0,4.0,0.0,30.0,33.0,0.0,0.0,14393.0,14518.0,2016
Female,20-24 years,Northern Territory,46.0,13.0,17.0,15.0,0.0,619.0,245.0,12.0,0.0,7027.0,8000.0,2016
Female,20-24 years,Australian Capital Territory,0.0,33.0,16.0,8.0,0.0,32.0,49.0,0.0,0.0,15402.0,15545.0,2016
Female,20-24 years,Other Territories,0.0,0.0,0.0,0.0,0.0,0.0,0.0,0.0,0.0,84.0,82.0,2016
Female,25-29 years,New South Wales,88.0,199.0,289.0,289.0,5.0,1144.0,2129.0,51.0,53.0,262537.0,266794.0,2016
Female,25-29 years,Victoria,27.0,360.0,199.0,231.0,6.0,511.0,1194.0,10.0,33.0,220528.0,223098.0,2016
Female,25-29 years,Queensland,58.0,140.0,212.0,127.0,14.0,452.0,675.0,40.0,62.0,161261.0,163041.0,2016
Female,25-29 years,South Australia,10.0,45.0,59.0,26.0,0.0,105.0,172.0,5.0,5.0,53134.0,53574.0,2016
Female,25-29 years,Western Australia,38.0,33.0,108.0,30.0,3.0,281.0,345.0,22.0,28.0,90996.0,91874.0,2016
Female,25-29 years,Tasmania,0.0,17.0,23.0,10.0,0.0,17.0,34.0,3.0,3.0,14565.0,14672.0,2016
Female,25-29 years,Northern Territory,36.0,19.0,13.0,27.0,0.0,560.0,249.0,7.0,5.0,10013.0,10941.0,2016
Female,25-29 years,Australian Capital Territory,0.0,36.0,12.0,0.0,0.0,23.0,44.0,0.0,4.0,16301.0,16419.0,2016
Female,25-29 years,Other Territories,0.0,0.0,0.0,0.0,0.0,0.0,0.0,0.0,0.0,107.0,110.0,2016
Female,30-34 years,New South Wales,82.0,206.0,188.0,206.0,11.0,659.0,1249.0,41.0,54.0,271506.0,274196.0,2016
Female,30-34 years,Victoria,45.0,371.0,115.0,133.0,9.0,281.0,716.0,10.0,20.0,226006.0,227702.0,2016
Female,30-34 years,Queensland,48.0,137.0,147.0,100.0,10.0,254.0,417.0,36.0,55.0,165714.0,166926.0,2016
Female,30-34 years,South Australia,6.0,53.0,50.0,19.0,0.0,76.0,110.0,16.0,7.0,55431.0,55766.0,2016
Female,30-34 years,Western Australia,51.0,30.0,63.0,27.0,5.0,170.0,194.0,16.0,16.0,95652.0,96208.0,2016
Female,30-34 years,Tasmania,3.0,23.0,12.0,0.0,0.0,9.0,14.0,8.0,0.0,15034.0,15105.0,2016
Female,30-34 years,Northern Territory,45.0,28.0,20.0,20.0,0.0,470.0,206.0,10.0,3.0,10031.0,10826.0,2016
Female,30-34 years,Australian Capital Territory,0.0,30.0,13.0,0.0,0.0,27.0,37.0,0.0,3.0,17037.0,17145.0,2016
Female,30-34 years,Other Territories,0.0,0.0,0.0,0.0,0.0,0.0,0.0,0.0,0.0,154.0,151.0,2016
Female,35-39 years,New South Wales,77.0,216.0,136.0,112.0,16.0,418.0,857.0,55.0,45.0,250310.0,252242.0,2016
Female,35-39 years,Victoria,40.0,319.0,93.0,88.0,5.0,200.0,450.0,14.0,43.0,202298.0,203560.0,2016
Female,35-39 years,Queensland,53.0,133.0,112.0,89.0,7.0,170.0,287.0,46.0,64.0,155583.0,156539.0,2016
Female,35-39 years,South Australia,9.0,54.0,33.0,11.0,0.0,48.0,92.0,8.0,10.0,51225.0,51485.0,2016
Female,35-39 years,Western Australia,32.0,41.0,56.0,25.0,0.0,90.0,168.0,28.0,16.0,85245.0,85696.0,2016
Female,35-39 years,Tasmania,5.0,10.0,19.0,5.0,0.0,0.0,28.0,6.0,0.0,14651.0,14724.0,2016
Female,35-39 years,Northern Territory,51.0,26.0,15.0,10.0,0.0,376.0,186.0,3.0,0.0,8319.0,8991.0,2016
Female,35-39 years,Australian Capital Territory,4.0,19.0,7.0,0.0,0.0,12.0,28.0,0.0,0.0,15089.0,15156.0,2016
Female,35-39 years,Other Territories,0.0,0.0,0.0,0.0,0.0,0.0,4.0,0.0,0.0,151.0,154.0,2016
Female,40-44 years,New South Wales,70.0,227.0,136.0,103.0,7.0,344.0,797.0,58.0,52.0,254459.0,256256.0,2016
Female,40-44 years,Victoria,39.0,259.0,75.0,86.0,8.0,182.0,452.0,11.0,41.0,204165.0,205321.0,2016
Female,40-44 years,Queensland,53.0,124.0,98.0,63.0,8.0,186.0,369.0,72.0,85.0,164629.0,165682.0,2016
Female,40-44 years,South Australia,15.0,38.0,33.0,12.0,0.0,54.0,99.0,7.0,7.0,53137.0,53400.0,2016
Female,40-44 years,Western Australia,51.0,31.0,52.0,23.0,0.0,89.0,142.0,28.0,14.0,85323.0,85749.0,2016
Female,40-44 years,Tasmania,0.0,8.0,15.0,0.0,0.0,11.0,19.0,7.0,4.0,16309.0,16378.0,2016
Female,40-44 years,Northern Territory,56.0,26.0,20.0,10.0,0.0,338.0,142.0,11.0,9.0,7714.0,8328.0,2016
Female,40-44 years,Australian Capital Territory,0.0,25.0,8.0,0.0,0.0,13.0,21.0,0.0,0.0,14212.0,14272.0,2016
Female,40-44 years,Other Territories,0.0,0.0,0.0,0.0,0.0,5.0,0.0,0.0,0.0,158.0,161.0,2016
Female,45-49 years,New South Wales,63.0,166.0,144.0,124.0,12.0,327.0,824.0,51.0,75.0,250897.0,252668.0,2016
Female,45-49 years,Victoria,41.0,216.0,71.0,81.0,0.0,174.0,452.0,11.0,52.0,205871.0,206966.0,2016
Female,45-49 years,Queensland,38.0,126.0,127.0,71.0,6.0,168.0,315.0,66.0,87.0,164927.0,165936.0,2016
Female,45-49 years,South Australia,27.0,37.0,33.0,20.0,0.0,65.0,101.0,8.0,17.0,56853.0,57150.0,2016
Female,45-49 years,Western Australia,47.0,24.0,39.0,30.0,0.0,76.0,148.0,34.0,23.0,85581.0,86002.0,2016
Female,45-49 years,Tasmania,8.0,17.0,14.0,5.0,0.0,4.0,20.0,5.0,0.0,17678.0,17749.0,2016
Female,45-49 years,Northern Territory,59.0,42.0,15.0,3.0,0.0,289.0,140.0,18.0,8.0,7717.0,8295.0,2016
Female,45-49 years,Australian Capital Territory,0.0,19.0,5.0,0.0,0.0,3.0,17.0,0.0,0.0,13307.0,13351.0,2016
Female,45-49 years,Other Territories,0.0,0.0,0.0,0.0,0.0,0.0,0.0,0.0,0.0,161.0,161.0,2016
Female,50-54 years,New South Wales,76.0,129.0,139.0,95.0,9.0,282.0,601.0,79.0,100.0,244794.0,246312.0,2016
Female,50-54 years,Victoria,17.0,173.0,68.0,86.0,0.0,152.0,370.0,15.0,52.0,192139.0,193076.0,2016
Female,50-54 years,Queensland,59.0,87.0,167.0,64.0,11.0,148.0,263.0,72.0,124.0,157655.0,158655.0,2016
Female,50-54 years,South Australia,4.0,25.0,42.0,13.0,3.0,28.0,77.0,3.0,11.0,56667.0,56882.0,2016
Female,50-54 years,Western Australia,29.0,16.0,56.0,15.0,3.0,78.0,99.0,26.0,32.0,80656.0,81008.0,2016
Female,50-54 years,Tasmania,4.0,7.0,19.0,5.0,0.0,4.0,5.0,3.0,3.0,18030.0,18087.0,2016
Female,50-54 years,Northern Territory,42.0,34.0,19.0,23.0,0.0,238.0,103.0,12.0,7.0,7318.0,7803.0,2016
Female,50-54 years,Australian Capital Territory,3.0,14.0,4.0,5.0,0.0,6.0,13.0,0.0,3.0,12506.0,12560.0,2016
Female,50-54 years,Other Territories,0.0,0.0,0.0,0.0,0.0,0.0,0.0,0.0,0.0,217.0,218.0,2016
Female,55-59 years,New South Wales,47.0,116.0,151.0,120.0,8.0,212.0,478.0,72.0,109.0,238684.0,240008.0,2016
Female,55-59 years,Victoria,24.0,119.0,83.0,65.0,0.0,86.0,256.0,21.0,50.0,181949.0,182657.0,2016
Female,55-59 years,Queensland,45.0,103.0,209.0,57.0,7.0,105.0,181.0,65.0,137.0,151062.0,151975.0,2016
Female,55-59 years,South Australia,3.0,26.0,37.0,14.0,0.0,22.0,47.0,13.0,12.0,56325.0,56503.0,2016
Female,55-59 years,Western Australia,28.0,19.0,69.0,27.0,0.0,48.0,75.0,26.0,32.0,75865.0,76183.0,2016
Female,55-59 years,Tasmania,0.0,8.0,15.0,3.0,4.0,0.0,5.0,3.0,0.0,18710.0,18759.0,2016
Female,55-59 years,Northern Territory,25.0,28.0,25.0,21.0,0.0,160.0,87.0,8.0,14.0,7061.0,7423.0,2016
Female,55-59 years,Australian Capital Territory,0.0,19.0,7.0,0.0,0.0,8.0,11.0,0.0,0.0,11445.0,11492.0,2016
Female,55-59 years,Other Territories,0.0,0.0,0.0,0.0,0.0,0.0,0.0,0.0,0.0,212.0,214.0,2016
Female,60-64 years,New South Wales,52.0,90.0,164.0,90.0,6.0,141.0,279.0,41.0,104.0,213266.0,214237.0,2016
Female,60-64 years,Victoria,25.0,76.0,59.0,44.0,3.0,67.0,174.0,8.0,63.0,161358.0,161879.0,2016
Female,60-64 years,Queensland,46.0,58.0,208.0,58.0,12.0,61.0,97.0,61.0,148.0,136932.0,137688.0,2016
Female,60-64 years,South Australia,5.0,11.0,21.0,18.0,4.0,9.0,29.0,5.0,13.0,51437.0,51564.0,2016
Female,60-64 years,Western Australia,15.0,10.0,64.0,19.0,0.0,32.0,48.0,35.0,54.0,67945.0,68218.0,2016
Female,60-64 years,Tasmania,0.0,9.0,14.0,3.0,0.0,0.0,10.0,4.0,6.0,16892.0,16940.0,2016
Female,60-64 years,Northern Territory,22.0,19.0,21.0,11.0,0.0,138.0,80.0,10.0,16.0,6216.0,6532.0,2016
Female,60-64 years,Australian Capital Territory,0.0,9.0,6.0,0.0,0.0,6.0,0.0,0.0,0.0,9780.0,9801.0,2016
Female,60-64 years,Other Territories,0.0,0.0,0.0,0.0,0.0,0.0,0.0,0.0,0.0,188.0,187.0,2016
Female,65-69 years,New South Wales,30.0,61.0,122.0,64.0,8.0,96.0,208.0,43.0,122.0,193639.0,194387.0,2016
Female,65-69 years,Victoria,10.0,69.0,66.0,35.0,3.0,42.0,81.0,13.0,67.0,145176.0,145567.0,2016
Female,65-69 years,Queensland,29.0,51.0,149.0,33.0,15.0,44.0,92.0,48.0,152.0,129285.0,129908.0,2016
Female,65-69 years,South Australia,8.0,12.0,24.0,3.0,0.0,17.0,23.0,8.0,12.0,48114.0,48204.0,2016
Female,65-69 years,Western Australia,12.0,5.0,47.0,12.0,3.0,31.0,43.0,16.0,50.0,59912.0,60123.0,2016
Female,65-69 years,Tasmania,6.0,4.0,13.0,0.0,0.0,4.0,7.0,6.0,0.0,15634.0,15671.0,2016
Female,65-69 years,Northern Territory,22.0,10.0,9.0,8.0,0.0,69.0,48.0,7.0,13.0,4804.0,4985.0,2016
Female,65-69 years,Australian Capital Territory,0.0,5.0,0.0,0.0,0.0,4.0,7.0,0.0,0.0,8737.0,8753.0,2016
Female,65-69 years,Other Territories,0.0,0.0,0.0,0.0,0.0,0.0,0.0,0.0,0.0,168.0,167.0,2016
Female,70-74 years,New South Wales,11.0,64.0,57.0,52.0,5.0,50.0,116.0,30.0,90.0,148871.0,149342.0,2016
Female,70-74 years,Victoria,3.0,39.0,29.0,36.0,6.0,26.0,79.0,4.0,47.0,108491.0,108768.0,2016
Female,70-74 years,Queensland,15.0,19.0,81.0,23.0,6.0,29.0,58.0,19.0,126.0,97362.0,97732.0,2016
Female,70-74 years,South Australia,0.0,3.0,10.0,5.0,0.0,7.0,7.0,3.0,10.0,36688.0,36751.0,2016
Female,70-74 years,Western Australia,13.0,6.0,12.0,7.0,0.0,24.0,14.0,13.0,38.0,42494.0,42624.0,2016
Female,70-74 years,Tasmania,0.0,3.0,9.0,0.0,0.0,7.0,0.0,0.0,4.0,11831.0,11850.0,2016
Female,70-74 years,Northern Territory,5.0,9.0,0.0,0.0,0.0,52.0,25.0,5.0,18.0,2898.0,3016.0,2016
Female,70-74 years,Australian Capital Territory,0.0,9.0,0.0,0.0,0.0,5.0,4.0,0.0,0.0,6178.0,6196.0,2016
Female,70-74 years,Other Territories,0.0,0.0,0.0,0.0,0.0,0.0,0.0,0.0,0.0,120.0,120.0,2016
Female,75-79 years,New South Wales,10.0,37.0,27.0,28.0,3.0,46.0,81.0,17.0,91.0,114399.0,114739.0,2016
Female,75-79 years,Victoria,0.0,36.0,8.0,24.0,0.0,28.0,46.0,3.0,26.0,85169.0,85335.0,2016
Female,75-79 years,Queensland,0.0,11.0,38.0,9.0,6.0,21.0,31.0,17.0,70.0,68928.0,69136.0,2016
Female,75-79 years,South Australia,0.0,4.0,3.0,6.0,0.0,0.0,6.0,4.0,8.0,28282.0,28317.0,2016
Female,75-79 years,Western Australia,6.0,3.0,6.0,0.0,0.0,4.0,14.0,3.0,24.0,32571.0,32634.0,2016
Female,75-79 years,Tasmania,0.0,0.0,0.0,0.0,0.0,0.0,0.0,0.0,0.0,8842.0,8844.0,2016
Female,75-79 years,Northern Territory,3.0,0.0,5.0,0.0,0.0,30.0,5.0,0.0,0.0,1635.0,1676.0,2016
Female,75-79 years,Australian Capital Territory,0.0,0.0,0.0,0.0,0.0,0.0,0.0,0.0,0.0,4462.0,4469.0,2016
Female,75-79 years,Other Territories,0.0,0.0,0.0,0.0,0.0,0.0,0.0,0.0,0.0,70.0,70.0,2016
Female,80-84 years,New South Wales,3.0,39.0,14.0,18.0,0.0,33.0,71.0,9.0,60.0,86322.0,86571.0,2016
Female,80-84 years,Victoria,0.0,26.0,4.0,19.0,0.0,12.0,45.0,0.0,24.0,65856.0,65995.0,2016
Female,80-84 years,Queensland,0.0,6.0,11.0,3.0,0.0,7.0,20.0,4.0,40.0,47720.0,47820.0,2016
Female,80-84 years,South Australia,0.0,4.0,4.0,4.0,0.0,4.0,3.0,4.0,3.0,21648.0,21678.0,2016
Female,80-84 years,Western Australia,0.0,0.0,6.0,0.0,0.0,6.0,11.0,6.0,15.0,23780.0,23828.0,2016
Female,80-84 years,Tasmania,0.0,0.0,0.0,0.0,0.0,0.0,4.0,0.0,0.0,6453.0,6463.0,2016
Female,80-84 years,Northern Territory,4.0,0.0,0.0,0.0,0.0,20.0,6.0,0.0,0.0,849.0,881.0,2016
Female,80-84 years,Australian Capital Territory,0.0,7.0,0.0,3.0,0.0,0.0,0.0,0.0,0.0,3251.0,3254.0,2016
Female,80-84 years,Other Territories,0.0,0.0,0.0,0.0,0.0,0.0,0.0,0.0,0.0,37.0,37.0,2016
Female,85-89 years,New South Wales,4.0,15.0,13.0,6.0,0.0,32.0,55.0,4.0,29.0,63541.0,63700.0,2016
Female,85-89 years,Victoria,3.0,10.0,5.0,15.0,0.0,11.0,17.0,0.0,6.0,48182.0,48245.0,2016
Female,85-89 years,Queensland,0.0,3.0,0.0,0.0,0.0,6.0,11.0,0.0,26.0,33538.0,33589.0,2016
Female,85-89 years,South Australia,0.0,3.0,3.0,0.0,0.0,0.0,6.0,0.0,0.0,16554.0,16572.0,2016
Female,85-89 years,Western Australia,0.0,7.0,0.0,0.0,0.0,0.0,5.0,0.0,6.0,16161.0,16177.0,2016
Female,85-89 years,Tasmania,0.0,3.0,0.0,0.0,0.0,0.0,0.0,0.0,0.0,4460.0,4465.0,2016
Female,85-89 years,Northern Territory,0.0,0.0,0.0,0.0,0.0,11.0,3.0,0.0,0.0,436.0,455.0,2016
Female,85-89 years,Australian Capital Territory,0.0,0.0,0.0,0.0,0.0,0.0,0.0,0.0,0.0,2237.0,2242.0,2016
Female,85-89 years,Other Territories,0.0,0.0,0.0,0.0,0.0,0.0,0.0,0.0,0.0,23.0,23.0,2016
Female,90-94 years,New South Wales,0.0,12.0,6.0,9.0,0.0,16.0,14.0,0.0,19.0,32361.0,32438.0,2016
Female,90-94 years,Victoria,0.0,5.0,0.0,8.0,0.0,5.0,9.0,0.0,4.0,24122.0,24152.0,2016
Female,90-94 years,Queensland,0.0,0.0,0.0,4.0,0.0,0.0,0.0,0.0,7.0,16382.0,16395.0,2016
Female,90-94 years,South Australia,0.0,0.0,0.0,0.0,0.0,0.0,4.0,0.0,0.0,8863.0,8871.0,2016
Female,90-94 years,Western Australia,0.0,0.0,0.0,0.0,0.0,0.0,0.0,0.0,0.0,8017.0,8024.0,2016
Female,90-94 years,Tasmania,0.0,0.0,0.0,0.0,0.0,0.0,0.0,0.0,0.0,2276.0,2277.0,2016
Female,90-94 years,Northern Territory,0.0,0.0,0.0,0.0,0.0,0.0,0.0,0.0,0.0,161.0,162.0,2016
Female,90-94 years,Australian Capital Territory,0.0,0.0,0.0,0.0,0.0,0.0,0.0,0.0,0.0,1247.0,1244.0,2016
Female,90-94 years,Other Territories,0.0,0.0,0.0,0.0,0.0,0.0,0.0,0.0,0.0,9.0,9.0,2016
Female,95-99 years,New South Wales,0.0,4.0,0.0,0.0,0.0,9.0,3.0,0.0,6.0,8533.0,8554.0,2016
Female,95-99 years,Victoria,0.0,0.0,0.0,5.0,0.0,0.0,0.0,0.0,0.0,6391.0,6406.0,2016
Female,95-99 years,Queensland,0.0,0.0,0.0,0.0,0.0,3.0,0.0,5.0,0.0,4315.0,4329.0,2016
Female,95-99 years,South Australia,0.0,0.0,0.0,0.0,0.0,0.0,0.0,0.0,0.0,2320.0,2320.0,2016
Female,95-99 years,Western Australia,0.0,0.0,0.0,0.0,0.0,0.0,0.0,0.0,0.0,2205.0,2213.0,2016
Female,95-99 years,Tasmania,0.0,0.0,0.0,0.0,0.0,0.0,0.0,0.0,0.0,533.0,536.0,2016
Female,95-99 years,Northern Territory,0.0,0.0,0.0,0.0,0.0,0.0,0.0,0.0,0.0,35.0,35.0,2016
Female,95-99 years,Australian Capital Territory,0.0,0.0,0.0,0.0,0.0,0.0,0.0,0.0,0.0,284.0,284.0,2016
Female,95-99 years,Other Territories,0.0,0.0,0.0,0.0,0.0,0.0,0.0,0.0,0.0,4.0,4.0,2016
Female,100 years and over,New South Wales,0.0,0.0,0.0,0.0,0.0,0.0,0.0,0.0,0.0,830.0,830.0,2016
Female,100 years and over,Victoria,0.0,0.0,0.0,0.0,0.0,0.0,0.0,0.0,0.0,894.0,893.0,2016
Female,100 years and over,Queensland,0.0,0.0,0.0,0.0,0.0,0.0,0.0,0.0,0.0,542.0,542.0,2016
Female,100 years and over,South Australia,0.0,0.0,0.0,0.0,0.0,0.0,0.0,0.0,0.0,256.0,262.0,2016
Female,100 years and over,Western Australia,0.0,0.0,0.0,0.0,0.0,0.0,0.0,0.0,0.0,167.0,167.0,2016
Female,100 years and over,Tasmania,0.0,0.0,0.0,0.0,0.0,0.0,0.0,0.0,0.0,51.0,51.0,2016
Female,100 years and over,Northern Territory,0.0,0.0,0.0,0.0,0.0,0.0,0.0,0.0,0.0,0.0,0.0,2016
Female,100 years and over,Australian Capital Territory,0.0,0.0,0.0,0.0,0.0,0.0,0.0,0.0,0.0,38.0,38.0,2016
Female,100 years and over,Other Territories,0.0,0.0,0.0,0.0,0.0,0.0,0.0,0.0,0.0,0.0,0.0,2016
Female,Total,New South Wales,755.0,2978.0,2188.0,1720.0,99.0,7271.0,15219.0,766.0,1168.0,3755344.0,3787505.0,2016
Female,Total,Victoria,343.0,3778.0,1290.0,1322.0,54.0,3660.0,9002.0,191.0,601.0,2973316.0,2993555.0,2016
Female,Total,Queensland,599.0,1624.0,2058.0,954.0,114.0,3681.0,6183.0,739.0,1352.0,2396850.0,2414161.0,2016
Female,Total,South Australia,120.0,720.0,487.0,197.0,16.0,958.0,1764.0,113.0,138.0,838531.0,843046.0,2016
Female,Total,Western Australia,387.0,441.0,778.0,245.0,30.0,1892.0,2765.0,338.0,421.0,1231765.0,1239064.0,2016
Female,Total,Tasmania,36.0,254.0,216.0,26.0,14.0,140.0,328.0,54.0,48.0,254855.0,255963.0,2016
Female,Total,Northern Territory,505.0,322.0,207.0,185.0,4.0,5691.0,2573.0,116.0,105.0,109514.0,119235.0,2016
Female,Total,Australian Capital Territory,15.0,316.0,114.0,14.0,0.0,172.0,328.0,0.0,11.0,199373.0,200340.0,2016
Female,Total,Other Territories,4.0,0.0,0.0,0.0,0.0,13.0,15.0,0.0,0.0,2350.0,2377.0,2016
